﻿Kategoria;Kontroler/Moduł;"Opis Kontrolera";"Nazwa Testu (EN)";"Opis Testu (PL)";"Metoda PHPUnit";Status;"Typ Testu"
Inne;ExampleTest;"Przykładowy test podstawowy";that_true_is_true;"Test podstawowy - prawda jest prawdą";"P\Tests\Unit\ExampleTest::__pest_evaluable_that_true_is_true";"✅ Przechodzi";Pest
"Unit - Middleware";CheckPermissionsMiddlewareTest;"Sprawdzanie uprawnień użytkowników";middleware_allows_user_with_required_permission;"Middleware pozwala użytkownikowi z wymaganymi uprawnieniami";"Tests\Unit\Middleware\CheckPermissionsMiddlewareTest::test_middleware_allows_user_with_required_permission";"✅ Przechodzi";PHPUnit
"Unit - Middleware";CheckPermissionsMiddlewareTest;"Sprawdzanie uprawnień użytkowników";middleware_denies_user_without_required_permission;"Middleware odmawia dostępu użytkownikowi bez uprawnień";"Tests\Unit\Middleware\CheckPermissionsMiddlewareTest::test_middleware_denies_user_without_required_permission";"✅ Przechodzi";PHPUnit
"Unit - Middleware";CheckPermissionsMiddlewareTest;"Sprawdzanie uprawnień użytkowników";middleware_allows_user_with_multiple_permissions;"Middleware pozwala użytkownikowi z wieloma uprawnieniami";"Tests\Unit\Middleware\CheckPermissionsMiddlewareTest::test_middleware_allows_user_with_multiple_permissions";"✅ Przechodzi";PHPUnit
"Unit - Middleware";CheckPermissionsMiddlewareTest;"Sprawdzanie uprawnień użytkowników";middleware_denies_unauthenticated_user;"Middleware odmawia dostępu nieuwierzytelnionemu użytkownikowi";"Tests\Unit\Middleware\CheckPermissionsMiddlewareTest::test_middleware_denies_unauthenticated_user";"✅ Przechodzi";PHPUnit
"Unit - Middleware";CheckPermissionsMiddlewareTest;"Sprawdzanie uprawnień użytkowników";middleware_handles_super_admin_access;"Middleware obsługuje dostęp super administratora";"Tests\Unit\Middleware\CheckPermissionsMiddlewareTest::test_middleware_handles_super_admin_access";"✅ Przechodzi";PHPUnit
"Unit - Middleware";QuotaMiddlewareUnitTest;"Testy jednostkowe limitów";allows_get_requests;"Pozwala na żądania GET";"Tests\Unit\Middleware\QuotaMiddlewareUnitTest::test_allows_get_requests";"✅ Przechodzi";PHPUnit
"Unit - Middleware";QuotaMiddlewareUnitTest;"Testy jednostkowe limitów";allows_request_when_no_user_authenticated;"Pozwala na żądania gdy brak uwierzytelnienia";"Tests\Unit\Middleware\QuotaMiddlewareUnitTest::test_allows_request_when_no_user_authenticated";"✅ Przechodzi";PHPUnit
"Unit - Middleware";QuotaMiddlewareUnitTest;"Testy jednostkowe limitów";allows_request_when_user_has_no_tenant;"Pozwala na żądania gdy użytkownik nie ma klienta";"Tests\Unit\Middleware\QuotaMiddlewareUnitTest::test_allows_request_when_user_has_no_tenant";"✅ Przechodzi";PHPUnit
"Unit - Middleware";QuotaMiddlewareUnitTest;"Testy jednostkowe limitów";allows_request_when_no_quota_defined;"Pozwala na żądania gdy nie zdefiniowano limitów";"Tests\Unit\Middleware\QuotaMiddlewareUnitTest::test_allows_request_when_no_quota_defined";"✅ Przechodzi";PHPUnit
"Unit - Middleware";QuotaMiddlewareUnitTest;"Testy jednostkowe limitów";allows_request_when_under_quota;"Pozwala na żądania poniżej limitu";"Tests\Unit\Middleware\QuotaMiddlewareUnitTest::test_allows_request_when_under_quota";"✅ Przechodzi";PHPUnit
"Unit - Middleware";QuotaMiddlewareUnitTest;"Testy jednostkowe limitów";blocks_request_when_quota_exceeded;"Blokuje żądania po przekroczeniu limitu";"Tests\Unit\Middleware\QuotaMiddlewareUnitTest::test_blocks_request_when_quota_exceeded";"✅ Przechodzi";PHPUnit
"Unit - Middleware";RoleMiddlewareTest;"Sprawdzanie ról użytkowników";middleware_allows_user_with_correct_role;"Middleware pozwala użytkownikowi z poprawną rolą";"Tests\Unit\Middleware\RoleMiddlewareTest::test_middleware_allows_user_with_correct_role";"✅ Przechodzi";PHPUnit
"Unit - Middleware";RoleMiddlewareTest;"Sprawdzanie ról użytkowników";middleware_allows_user_with_one_of_multiple_roles;"Middleware pozwala użytkownikowi z jedną z wielu ról";"Tests\Unit\Middleware\RoleMiddlewareTest::test_middleware_allows_user_with_one_of_multiple_roles";"✅ Przechodzi";PHPUnit
"Unit - Middleware";RoleMiddlewareTest;"Sprawdzanie ról użytkowników";middleware_denies_user_without_required_role;"Middleware odmawia dostępu użytkownikowi bez wymaganej roli";"Tests\Unit\Middleware\RoleMiddlewareTest::test_middleware_denies_user_without_required_role";"✅ Przechodzi";PHPUnit
"Unit - Middleware";RoleMiddlewareTest;"Sprawdzanie ról użytkowników";middleware_denies_unauthenticated_user;"Middleware odmawia dostępu nieuwierzytelnionemu użytkownikowi";"Tests\Unit\Middleware\RoleMiddlewareTest::test_middleware_denies_unauthenticated_user";"✅ Przechodzi";PHPUnit
"Unit - Middleware";TenantMiddlewareTest;"Izolacja tenant (klientów)";middleware_sets_tenant_context_for_authenticated_user;"Middleware ustawia kontekst klienta dla uwierzytelnionego użytkownika";"Tests\Unit\Middleware\TenantMiddlewareTest::test_middleware_sets_tenant_context_for_authenticated_user";"✅ Przechodzi";PHPUnit
"Unit - Middleware";TenantMiddlewareTest;"Izolacja tenant (klientów)";middleware_denies_unauthenticated_requests;"Middleware odmawia nieuwierzytelnionych żądań";"Tests\Unit\Middleware\TenantMiddlewareTest::test_middleware_denies_unauthenticated_requests";"✅ Przechodzi";PHPUnit
"Unit - Middleware";TenantMiddlewareTest;"Izolacja tenant (klientów)";middleware_fails_for_inactive_tenant;"Middleware nie przepuszcza żądań dla nieaktywnego klienta";"Tests\Unit\Middleware\TenantMiddlewareTest::test_middleware_fails_for_inactive_tenant";"✅ Przechodzi";PHPUnit
"Unit - Models";RolePermissionTest;"Relacje ról i uprawnień";user_can_have_multiple_roles;"Użytkownik Może Mają Wielokrotny Role";"Tests\Unit\Models\RolePermissionTest::test_user_can_have_multiple_roles";"✅ Przechodzi";PHPUnit
"Unit - Models";RolePermissionTest;"Relacje ról i uprawnień";role_can_have_multiple_permissions;"Rola Może Mają Wielokrotny Uprawnienia";"Tests\Unit\Models\RolePermissionTest::test_role_can_have_multiple_permissions";"✅ Przechodzi";PHPUnit
"Unit - Models";RolePermissionTest;"Relacje ról i uprawnień";user_inherits_permissions_from_roles;"Użytkownik inherits Uprawnienia Z Role";"Tests\Unit\Models\RolePermissionTest::test_user_inherits_permissions_from_roles";"✅ Przechodzi";PHPUnit
"Unit - Models";RolePermissionTest;"Relacje ról i uprawnień";user_can_have_direct_permissions;"Użytkownik Może Mają direct Uprawnienia";"Tests\Unit\Models\RolePermissionTest::test_user_can_have_direct_permissions";"✅ Przechodzi";PHPUnit
"Unit - Models";TenantIsolationTest;"Izolacja danych między klientami";user_only_sees_data_from_their_tenant;"Użytkownik only sees data Z Ich tenant";"Tests\Unit\Models\TenantIsolationTest::test_user_only_sees_data_from_their_tenant";"✅ Przechodzi";PHPUnit
"Unit - Models";TenantIsolationTest;"Izolacja danych między klientami";worker_belongs_to_tenant;"Pracownik belongs Do tenant";"Tests\Unit\Models\TenantIsolationTest::test_worker_belongs_to_tenant";"✅ Przechodzi";PHPUnit
"Unit - Models";TenantIsolationTest;"Izolacja danych między klientami";tenant_relationships;"Klient (tenant) relationships";"Tests\Unit\Models\TenantIsolationTest::test_tenant_relationships";"✅ Przechodzi";PHPUnit
"API Core";AssetControllerTest;"Opis niedostępny";admin_can_list_assets;"Administrator może wyświetlić listę zasoby";"Tests\Feature\Api\AssetControllerTest::test_admin_can_list_assets";"✅ Przechodzi";PHPUnit
"API Core";AssetControllerTest;"Opis niedostępny";admin_can_create_asset;"Administrator może utworzyć asset";"Tests\Feature\Api\AssetControllerTest::test_admin_can_create_asset";"✅ Przechodzi";PHPUnit
"API Core";AssetControllerTest;"Opis niedostępny";admin_can_view_asset;"Administrator może wyświetlić asset";"Tests\Feature\Api\AssetControllerTest::test_admin_can_view_asset";"✅ Przechodzi";PHPUnit
"API Core";AssetControllerTest;"Opis niedostępny";admin_can_update_asset;"Administrator może zaktualizować asset";"Tests\Feature\Api\AssetControllerTest::test_admin_can_update_asset";"✅ Przechodzi";PHPUnit
"API Core";AssetControllerTest;"Opis niedostępny";admin_can_delete_unassigned_asset;"Administrator może usunąć unassigned_asset";"Tests\Feature\Api\AssetControllerTest::test_admin_can_delete_unassigned_asset";"✅ Przechodzi";PHPUnit
"API Core";AssetControllerTest;"Opis niedostępny";unauthenticated_user_cannot_access_assets;"Nieuwierzytelniony użytkownik nie może uzyskać dostępu do zasoby";"Tests\Feature\Api\AssetControllerTest::test_unauthenticated_user_cannot_access_assets";"✅ Przechodzi";PHPUnit
"API Core";AttachmentControllerTest;"Opis niedostępny";can_list_all_attachments;"Może Lista Wszystkie Załączniki";"Tests\Feature\Api\AttachmentControllerTest::test_can_list_all_attachments";"✅ Przechodzi";PHPUnit
"API Core";AttachmentControllerTest;"Opis niedostępny";can_filter_attachments_by_search;"Można filtrować załączniki według search";"Tests\Feature\Api\AttachmentControllerTest::test_can_filter_attachments_by_search";"✅ Przechodzi";PHPUnit
"API Core";AttachmentControllerTest;"Opis niedostępny";can_filter_attachments_by_mime_type;"Można filtrować załączniki według mime_typu";"Tests\Feature\Api\AttachmentControllerTest::test_can_filter_attachments_by_mime_type";"✅ Przechodzi";PHPUnit
"API Core";AttachmentControllerTest;"Opis niedostępny";admin_can_upload_attachment;"Administrator Może upload attachment";"Tests\Feature\Api\AttachmentControllerTest::test_admin_can_upload_attachment";"✅ Przechodzi";PHPUnit
"API Core";AttachmentControllerTest;"Opis niedostępny";admin_can_view_attachment;"Administrator może wyświetlić attachment";"Tests\Feature\Api\AttachmentControllerTest::test_admin_can_view_attachment";"✅ Przechodzi";PHPUnit
"API Core";AttachmentControllerTest;"Opis niedostępny";admin_can_update_attachment;"Administrator może zaktualizować attachment";"Tests\Feature\Api\AttachmentControllerTest::test_admin_can_update_attachment";"✅ Przechodzi";PHPUnit
"API Core";AttachmentControllerTest;"Opis niedostępny";admin_can_delete_attachment;"Administrator może usunąć attachment";"Tests\Feature\Api\AttachmentControllerTest::test_admin_can_delete_attachment";"✅ Przechodzi";PHPUnit
"API Core";AttachmentControllerTest;"Opis niedostępny";can_download_attachment;"Może download attachment";"Tests\Feature\Api\AttachmentControllerTest::test_can_download_attachment";"✅ Przechodzi";PHPUnit
"API Core";AttachmentControllerTest;"Opis niedostępny";can_get_image_preview;"Może get image preview";"Tests\Feature\Api\AttachmentControllerTest::test_can_get_image_preview";"✅ Przechodzi";PHPUnit
"API Core";AttachmentControllerTest;"Opis niedostępny";can_bulk_upload_attachments;"Może bulk upload Załączniki";"Tests\Feature\Api\AttachmentControllerTest::test_can_bulk_upload_attachments";"✅ Przechodzi";PHPUnit
"API Core";AttachmentControllerTest;"Opis niedostępny";can_get_storage_stats;"Może get storage Statystyki";"Tests\Feature\Api\AttachmentControllerTest::test_can_get_storage_stats";"✅ Przechodzi";PHPUnit
"API Core";AttachmentControllerTest;"Opis niedostępny";upload_validates_required_fields;"Upload Waliduje required fields";"Tests\Feature\Api\AttachmentControllerTest::test_upload_validates_required_fields";"✅ Przechodzi";PHPUnit
"API Core";AttachmentControllerTest;"Opis niedostępny";upload_validates_file_size;"Upload Waliduje file size";"Tests\Feature\Api\AttachmentControllerTest::test_upload_validates_file_size";"✅ Przechodzi";PHPUnit
"API Core";AttachmentControllerTest;"Opis niedostępny";cannot_access_other_tenant_attachments;"Nie może Dostęp do other Klient (tenant) Załączniki";"Tests\Feature\Api\AttachmentControllerTest::test_cannot_access_other_tenant_attachments";"✅ Przechodzi";PHPUnit
"API Core";AuthenticationTest;"Autentykacja użytkowników API";user_can_register;"Użytkownik Może register";"Tests\Feature\Api\AuthenticationTest::test_user_can_register";"✅ Przechodzi";PHPUnit
"API Core";AuthenticationTest;"Autentykacja użytkowników API";user_can_login;"Użytkownik Może login";"Tests\Feature\Api\AuthenticationTest::test_user_can_login";"✅ Przechodzi";PHPUnit
"API Core";AuthenticationTest;"Autentykacja użytkowników API";user_cannot_login_with_wrong_credentials;"Użytkownik nie może zalogować się z błędnymi danymi";"Tests\Feature\Api\AuthenticationTest::test_user_cannot_login_with_wrong_credentials";"✅ Przechodzi";PHPUnit
"API Core";AuthenticationTest;"Autentykacja użytkowników API";authenticated_user_can_logout;"Zalogowany użytkownik może się wylogować";"Tests\Feature\Api\AuthenticationTest::test_authenticated_user_can_logout";"✅ Przechodzi";PHPUnit
"API Core";AuthenticationTest;"Autentykacja użytkowników API";user_can_get_profile;"Użytkownik może pobrać swój profil";"Tests\Feature\Api\AuthenticationTest::test_user_can_get_profile";"✅ Przechodzi";PHPUnit
"API Core";DashboardControllerTest;"Opis niedostępny";admin_can_access_dashboard_index;"Administrator może dostać się do głównego dashboardu";"Tests\Feature\Api\DashboardControllerTest::test_admin_can_access_dashboard_index";"✅ Przechodzi";PHPUnit
"API Core";DashboardControllerTest;"Opis niedostępny";manager_can_access_dashboard_index;"Menedżer może dostać się do głównego dashboardu";"Tests\Feature\Api\DashboardControllerTest::test_manager_can_access_dashboard_index";"✅ Przechodzi";PHPUnit
"API Core";DashboardControllerTest;"Opis niedostępny";worker_can_access_dashboard_index;"Pracownik może dostać się do głównego dashboardu";"Tests\Feature\Api\DashboardControllerTest::test_worker_can_access_dashboard_index";"✅ Przechodzi";PHPUnit
"API Core";DashboardControllerTest;"Opis niedostępny";can_get_detailed_stats;"Można pobrać szczegółowe statystyki";"Tests\Feature\Api\DashboardControllerTest::test_can_get_detailed_stats";"✅ Przechodzi";PHPUnit
"API Core";DashboardControllerTest;"Opis niedostępny";can_get_stats_with_custom_period;"Można pobrać statystyki z niestandardowym okresem";"Tests\Feature\Api\DashboardControllerTest::test_can_get_stats_with_custom_period";"✅ Przechodzi";PHPUnit
"API Core";DashboardControllerTest;"Opis niedostępny";can_get_recent_activity;"Można pobrać ostatnią aktywność";"Tests\Feature\Api\DashboardControllerTest::test_can_get_recent_activity";"✅ Przechodzi";PHPUnit
"API Core";DashboardControllerTest;"Opis niedostępny";can_get_recent_activity_with_custom_limit;"Można pobrać ostatnią aktywność z niestandardowym limitem";"Tests\Feature\Api\DashboardControllerTest::test_can_get_recent_activity_with_custom_limit";"✅ Przechodzi";PHPUnit
"API Core";DashboardControllerTest;"Opis niedostępny";overview_stats_include_correct_counts;"Statystyki przeglądu zawierają poprawne liczby";"Tests\Feature\Api\DashboardControllerTest::test_overview_stats_include_correct_counts";"✅ Przechodzi";PHPUnit
"API Core";DashboardControllerTest;"Opis niedostępny";worker_status_stats_group_by_status;"Statystyki statusu pracowników grupowane według statusu";"Tests\Feature\Api\DashboardControllerTest::test_worker_status_stats_group_by_status";"✅ Przechodzi";PHPUnit
"API Core";DashboardControllerTest;"Opis niedostępny";asset_status_stats_group_by_status;"Statystyki statusu zasobów grupowane według statusu";"Tests\Feature\Api\DashboardControllerTest::test_asset_status_stats_group_by_status";"✅ Przechodzi";PHPUnit
"API Core";DashboardControllerTest;"Opis niedostępny";asset_utilization_calculates_correctly;"Wykorzystanie zasobów obliczane poprawnie";"Tests\Feature\Api\DashboardControllerTest::test_asset_utilization_calculates_correctly";"✅ Przechodzi";PHPUnit
"API Core";DashboardControllerTest;"Opis niedostępny";jobs_by_status_filters_by_period;"Zadania według statusu filtrowane przez okres";"Tests\Feature\Api\DashboardControllerTest::test_jobs_by_status_filters_by_period";"✅ Przechodzi";PHPUnit
"API Core";DashboardControllerTest;"Opis niedostępny";unauthorized_user_cannot_access_dashboard;"Nieautoryzowany użytkownik nie może dostać się do dashboardu";"Tests\Feature\Api\DashboardControllerTest::test_unauthorized_user_cannot_access_dashboard";"✅ Przechodzi";PHPUnit
"API Core";DashboardControllerTest;"Opis niedostępny";dashboard_data_is_tenant_isolated;"Dane dashboardu są izolowane według klienta";"Tests\Feature\Api\DashboardControllerTest::test_dashboard_data_is_tenant_isolated";"✅ Przechodzi";PHPUnit
"API Core";DashboardControllerTest;"Opis niedostępny";recent_activity_shows_correct_user_names;"Ostatnia aktywność pokazuje poprawne nazwy użytkowników";"Tests\Feature\Api\DashboardControllerTest::test_recent_activity_shows_correct_user_names";"✅ Przechodzi";PHPUnit
"API Core";DashboardControllerTest;"Opis niedostępny";activity_descriptions_are_formatted_correctly;"Opisy aktywności są poprawnie sformatowane";"Tests\Feature\Api\DashboardControllerTest::test_activity_descriptions_are_formatted_correctly";"✅ Przechodzi";PHPUnit
"API Core";FormControllerTest;"Opis niedostępny";admin_can_list_forms;"Administrator może wyświetlić listę formularze";"Tests\Feature\Api\FormControllerTest::test_admin_can_list_forms";"✅ Przechodzi";PHPUnit
"API Core";FormControllerTest;"Opis niedostępny";admin_can_create_form;"Administrator może utworzyć form";"Tests\Feature\Api\FormControllerTest::test_admin_can_create_form";"✅ Przechodzi";PHPUnit
"API Core";FormControllerTest;"Opis niedostępny";admin_can_view_form;"Administrator może wyświetlić form";"Tests\Feature\Api\FormControllerTest::test_admin_can_view_form";"✅ Przechodzi";PHPUnit
"API Core";FormControllerTest;"Opis niedostępny";admin_can_update_form;"Administrator może zaktualizować form";"Tests\Feature\Api\FormControllerTest::test_admin_can_update_form";"✅ Przechodzi";PHPUnit
"API Core";FormControllerTest;"Opis niedostępny";admin_can_delete_form;"Administrator może usunąć form";"Tests\Feature\Api\FormControllerTest::test_admin_can_delete_form";"✅ Przechodzi";PHPUnit
"API Core";FormControllerTest;"Opis niedostępny";admin_can_get_form_responses;"Administrator może pobrać form_odpowiedzi";"Tests\Feature\Api\FormControllerTest::test_admin_can_get_form_responses";"✅ Przechodzi";PHPUnit
"API Core";FormControllerTest;"Opis niedostępny";admin_can_duplicate_form;"Administrator może zduplikować form";"Tests\Feature\Api\FormControllerTest::test_admin_can_duplicate_form";"✅ Przechodzi";PHPUnit
"API Core";FormControllerTest;"Opis niedostępny";admin_can_get_form_stats;"Administrator może pobrać form_statystyki";"Tests\Feature\Api\FormControllerTest::test_admin_can_get_form_stats";"✅ Przechodzi";PHPUnit
"API Core";FormControllerTest;"Opis niedostępny";manager_can_access_form_management;"Menedżer może uzyskać dostęp do form_zarządzania";"Tests\Feature\Api\FormControllerTest::test_manager_can_access_form_management";"✅ Przechodzi";PHPUnit
"API Core";FormControllerTest;"Opis niedostępny";worker_can_access_forms;"Pracownik może uzyskać dostęp do formularze";"Tests\Feature\Api\FormControllerTest::test_worker_can_access_forms";"✅ Przechodzi";PHPUnit
"API Core";FormControllerTest;"Opis niedostępny";unauthenticated_user_cannot_access_forms;"Nieuwierzytelniony użytkownik nie może uzyskać dostępu do formularze";"Tests\Feature\Api\FormControllerTest::test_unauthenticated_user_cannot_access_forms";"✅ Przechodzi";PHPUnit
"API Core";FormControllerTest;"Opis niedostępny";form_creation_validates_required_fields;"Tworzenie form waliduje wymagane pola";"Tests\Feature\Api\FormControllerTest::test_form_creation_validates_required_fields";"✅ Przechodzi";PHPUnit
"API Core";FormControllerTest;"Opis niedostępny";form_creation_validates_schema_structure;"Form creation Waliduje schema structure";"Tests\Feature\Api\FormControllerTest::test_form_creation_validates_schema_structure";"✅ Przechodzi";PHPUnit
"API Core";FormControllerTest;"Opis niedostępny";form_search_functionality;"Form Wyszukiwanie Funkcjonalność";"Tests\Feature\Api\FormControllerTest::test_form_search_functionality";"✅ Przechodzi";PHPUnit
"API Core";FormControllerTest;"Opis niedostępny";form_filtering_by_type;"Form filtering Przez type";"Tests\Feature\Api\FormControllerTest::test_form_filtering_by_type";"✅ Przechodzi";PHPUnit
"API Core";FormControllerTest;"Opis niedostępny";form_tenant_isolation;"Form Klient (tenant) isolation";"Tests\Feature\Api\FormControllerTest::test_form_tenant_isolation";"✅ Przechodzi";PHPUnit
"API Core";FormResponseControllerTest;"Opis niedostępny";admin_can_list_form_responses;"Administrator może wyświetlić listę form_odpowiedzi";"Tests\Feature\Api\FormResponseControllerTest::test_admin_can_list_form_responses";"✅ Przechodzi";PHPUnit
"API Core";FormResponseControllerTest;"Opis niedostępny";admin_can_create_form_response;"Administrator może utworzyć form_response";"Tests\Feature\Api\FormResponseControllerTest::test_admin_can_create_form_response";"✅ Przechodzi";PHPUnit
"API Core";FormResponseControllerTest;"Opis niedostępny";admin_can_view_form_response;"Administrator może wyświetlić form_response";"Tests\Feature\Api\FormResponseControllerTest::test_admin_can_view_form_response";"✅ Przechodzi";PHPUnit
"API Core";FormResponseControllerTest;"Opis niedostępny";admin_can_update_draft_form_response;"Administrator może zaktualizować draft_form_response";"Tests\Feature\Api\FormResponseControllerTest::test_admin_can_update_draft_form_response";"✅ Przechodzi";PHPUnit
"API Core";FormResponseControllerTest;"Opis niedostępny";admin_cannot_update_submitted_form_response;"Administrator Nie może Aktualizacja submitted form Odpowiedź";"Tests\Feature\Api\FormResponseControllerTest::test_admin_cannot_update_submitted_form_response";"✅ Przechodzi";PHPUnit
"API Core";FormResponseControllerTest;"Opis niedostępny";admin_can_delete_draft_form_response;"Administrator może usunąć draft_form_response";"Tests\Feature\Api\FormResponseControllerTest::test_admin_can_delete_draft_form_response";"✅ Przechodzi";PHPUnit
"API Core";FormResponseControllerTest;"Opis niedostępny";admin_cannot_delete_submitted_form_response;"Administrator Nie może Usunięcie submitted form Odpowiedź";"Tests\Feature\Api\FormResponseControllerTest::test_admin_cannot_delete_submitted_form_response";"✅ Przechodzi";PHPUnit
"API Core";FormResponseControllerTest;"Opis niedostępny";admin_can_submit_form_response;"Administrator Może submit form Odpowiedź";"Tests\Feature\Api\FormResponseControllerTest::test_admin_can_submit_form_response";"✅ Przechodzi";PHPUnit
"API Core";FormResponseControllerTest;"Opis niedostępny";cannot_submit_already_submitted_form_response;"Nie może submit already submitted form Odpowiedź";"Tests\Feature\Api\FormResponseControllerTest::test_cannot_submit_already_submitted_form_response";"✅ Przechodzi";PHPUnit
"API Core";FormResponseControllerTest;"Opis niedostępny";submit_validates_required_fields;"Submit Waliduje required fields";"Tests\Feature\Api\FormResponseControllerTest::test_submit_validates_required_fields";"✅ Przechodzi";PHPUnit
"API Core";FormResponseControllerTest;"Opis niedostępny";manager_can_access_form_responses;"Menedżer może uzyskać dostęp do form_odpowiedzi";"Tests\Feature\Api\FormResponseControllerTest::test_manager_can_access_form_responses";"✅ Przechodzi";PHPUnit
"API Core";FormResponseControllerTest;"Opis niedostępny";worker_can_access_form_responses;"Pracownik może uzyskać dostęp do form_odpowiedzi";"Tests\Feature\Api\FormResponseControllerTest::test_worker_can_access_form_responses";"✅ Przechodzi";PHPUnit
"API Core";FormResponseControllerTest;"Opis niedostępny";unauthenticated_user_cannot_access_form_responses;"Nieuwierzytelniony użytkownik nie może uzyskać dostępu do form_odpowiedzi";"Tests\Feature\Api\FormResponseControllerTest::test_unauthenticated_user_cannot_access_form_responses";"✅ Przechodzi";PHPUnit
"API Core";FormResponseControllerTest;"Opis niedostępny";form_response_creation_validates_required_fields;"Tworzenie form_response waliduje wymagane pola";"Tests\Feature\Api\FormResponseControllerTest::test_form_response_creation_validates_required_fields";"✅ Przechodzi";PHPUnit
"API Core";FormResponseControllerTest;"Opis niedostępny";form_response_with_job;"Form Odpowiedź Z job";"Tests\Feature\Api\FormResponseControllerTest::test_form_response_with_job";"✅ Przechodzi";PHPUnit
"API Core";FormResponseControllerTest;"Opis niedostępny";form_response_search_functionality;"Form Odpowiedź Wyszukiwanie Funkcjonalność";"Tests\Feature\Api\FormResponseControllerTest::test_form_response_search_functionality";"✅ Przechodzi";PHPUnit
"API Core";FormResponseControllerTest;"Opis niedostępny";form_response_filtering_by_form;"Form Odpowiedź filtering Przez form";"Tests\Feature\Api\FormResponseControllerTest::test_form_response_filtering_by_form";"✅ Przechodzi";PHPUnit
"API Core";FormResponseControllerTest;"Opis niedostępny";form_response_filtering_by_submission_status;"Form Odpowiedź filtering Przez submission Status";"Tests\Feature\Api\FormResponseControllerTest::test_form_response_filtering_by_submission_status";"✅ Przechodzi";PHPUnit
"API Core";JobAssignmentControllerTest;"Opis niedostępny";can_list_all_job_assignments;"Może Lista Wszystkie job assignments";"Tests\Feature\Api\JobAssignmentControllerTest::test_can_list_all_job_assignments";"✅ Przechodzi";PHPUnit
"API Core";JobAssignmentControllerTest;"Opis niedostępny";can_filter_assignments_by_status;"Można filtrować assignments według statusu";"Tests\Feature\Api\JobAssignmentControllerTest::test_can_filter_assignments_by_status";"✅ Przechodzi";PHPUnit
"API Core";JobAssignmentControllerTest;"Opis niedostępny";can_filter_assignments_by_job;"Można filtrować assignments według job";"Tests\Feature\Api\JobAssignmentControllerTest::test_can_filter_assignments_by_job";"✅ Przechodzi";PHPUnit
"API Core";JobAssignmentControllerTest;"Opis niedostępny";can_filter_assignments_by_worker;"Można filtrować assignments według worker";"Tests\Feature\Api\JobAssignmentControllerTest::test_can_filter_assignments_by_worker";"✅ Przechodzi";PHPUnit
"API Core";JobAssignmentControllerTest;"Opis niedostępny";admin_can_create_job_assignment;"Administrator może utworzyć job_assignment";"Tests\Feature\Api\JobAssignmentControllerTest::test_admin_can_create_job_assignment";"✅ Przechodzi";PHPUnit
"API Core";JobAssignmentControllerTest;"Opis niedostępny";admin_can_view_job_assignment;"Administrator może wyświetlić job_assignment";"Tests\Feature\Api\JobAssignmentControllerTest::test_admin_can_view_job_assignment";"✅ Przechodzi";PHPUnit
"API Core";JobAssignmentControllerTest;"Opis niedostępny";admin_can_update_job_assignment;"Administrator może zaktualizować job_assignment";"Tests\Feature\Api\JobAssignmentControllerTest::test_admin_can_update_job_assignment";"✅ Przechodzi";PHPUnit
"API Core";JobAssignmentControllerTest;"Opis niedostępny";admin_can_delete_assignment_not_completed;"Administrator może usunąć assignment_not_completed";"Tests\Feature\Api\JobAssignmentControllerTest::test_admin_can_delete_assignment_not_completed";"✅ Przechodzi";PHPUnit
"API Core";JobAssignmentControllerTest;"Opis niedostępny";cannot_delete_completed_assignment;"Nie może Usunięcie completed assignment";"Tests\Feature\Api\JobAssignmentControllerTest::test_cannot_delete_completed_assignment";"✅ Przechodzi";PHPUnit
"API Core";JobAssignmentControllerTest;"Opis niedostępny";admin_can_start_assignment;"Administrator Może start assignment";"Tests\Feature\Api\JobAssignmentControllerTest::test_admin_can_start_assignment";"✅ Przechodzi";PHPUnit
"API Core";JobAssignmentControllerTest;"Opis niedostępny";admin_can_complete_assignment;"Administrator Może complete assignment";"Tests\Feature\Api\JobAssignmentControllerTest::test_admin_can_complete_assignment";"✅ Przechodzi";PHPUnit
"API Core";JobAssignmentControllerTest;"Opis niedostępny";admin_can_cancel_assignment;"Administrator Może cancel assignment";"Tests\Feature\Api\JobAssignmentControllerTest::test_admin_can_cancel_assignment";"✅ Przechodzi";PHPUnit
"API Core";JobAssignmentControllerTest;"Opis niedostępny";cannot_assign_worker_to_same_job_twice;"Nie może assign Pracownik Do Ten sam job twice";"Tests\Feature\Api\JobAssignmentControllerTest::test_cannot_assign_worker_to_same_job_twice";"✅ Przechodzi";PHPUnit
"API Core";JobAssignmentControllerTest;"Opis niedostępny";cannot_assign_inactive_worker;"Nie może assign inactive worker";"Tests\Feature\Api\JobAssignmentControllerTest::test_cannot_assign_inactive_worker";"✅ Przechodzi";PHPUnit
"API Core";JobAssignmentControllerTest;"Opis niedostępny";validates_status_transitions;"Waliduje Status transitions";"Tests\Feature\Api\JobAssignmentControllerTest::test_validates_status_transitions";"✅ Przechodzi";PHPUnit
"API Core";JobAssignmentControllerTest;"Opis niedostępny";can_get_assignments_by_worker;"Może get assignments Przez worker";"Tests\Feature\Api\JobAssignmentControllerTest::test_can_get_assignments_by_worker";"✅ Przechodzi";PHPUnit
"API Core";JobAssignmentControllerTest;"Opis niedostępny";can_get_assignments_by_job;"Może get assignments Przez job";"Tests\Feature\Api\JobAssignmentControllerTest::test_can_get_assignments_by_job";"✅ Przechodzi";PHPUnit
"API Core";JobAssignmentControllerTest;"Opis niedostępny";can_get_assignment_stats;"Może get Przypisanie Statystyki";"Tests\Feature\Api\JobAssignmentControllerTest::test_can_get_assignment_stats";"✅ Przechodzi";PHPUnit
"API Core";JobAssignmentControllerTest;"Opis niedostępny";unauthenticated_user_cannot_access_job_assignments;"Nieuwierzytelniony użytkownik nie może uzyskać dostępu do job_assignments";"Tests\Feature\Api\JobAssignmentControllerTest::test_unauthenticated_user_cannot_access_job_assignments";"✅ Przechodzi";PHPUnit
"API Core";JobAssignmentControllerTest;"Opis niedostępny";worker_cannot_access_admin_job_assignments;"Pracownik Nie może Dostęp do Administrator job assignments";"Tests\Feature\Api\JobAssignmentControllerTest::test_worker_cannot_access_admin_job_assignments";"✅ Przechodzi";PHPUnit
"API Core";JobControllerTest;"Opis niedostępny";admin_can_list_jobs;"Administrator może wyświetlić listę zadania";"Tests\Feature\Api\JobControllerTest::test_admin_can_list_jobs";"✅ Przechodzi";PHPUnit
"API Core";JobControllerTest;"Opis niedostępny";admin_can_create_job;"Administrator może utworzyć job";"Tests\Feature\Api\JobControllerTest::test_admin_can_create_job";"✅ Przechodzi";PHPUnit
"API Core";JobControllerTest;"Opis niedostępny";admin_can_view_job;"Administrator może wyświetlić job";"Tests\Feature\Api\JobControllerTest::test_admin_can_view_job";"✅ Przechodzi";PHPUnit
"API Core";JobControllerTest;"Opis niedostępny";admin_can_update_job;"Administrator może zaktualizować job";"Tests\Feature\Api\JobControllerTest::test_admin_can_update_job";"✅ Przechodzi";PHPUnit
"API Core";JobControllerTest;"Opis niedostępny";admin_can_delete_pending_job;"Administrator może usunąć pending_job";"Tests\Feature\Api\JobControllerTest::test_admin_can_delete_pending_job";"✅ Przechodzi";PHPUnit
"API Core";JobControllerTest;"Opis niedostępny";admin_cannot_delete_active_job;"Administrator Nie może Usunięcie active job";"Tests\Feature\Api\JobControllerTest::test_admin_cannot_delete_active_job";"✅ Przechodzi";PHPUnit
"API Core";JobControllerTest;"Opis niedostępny";admin_can_assign_workers_to_job;"Administrator Może assign Pracownicy Do job";"Tests\Feature\Api\JobControllerTest::test_admin_can_assign_workers_to_job";"✅ Przechodzi";PHPUnit
"API Core";JobControllerTest;"Opis niedostępny";admin_can_complete_job;"Administrator Może complete job";"Tests\Feature\Api\JobControllerTest::test_admin_can_complete_job";"✅ Przechodzi";PHPUnit
"API Core";JobControllerTest;"Opis niedostępny";admin_can_cancel_job;"Administrator Może cancel job";"Tests\Feature\Api\JobControllerTest::test_admin_can_cancel_job";"✅ Przechodzi";PHPUnit
"API Core";JobControllerTest;"Opis niedostępny";manager_can_access_job_management;"Menedżer może uzyskać dostęp do job_zarządzania";"Tests\Feature\Api\JobControllerTest::test_manager_can_access_job_management";"✅ Przechodzi";PHPUnit
"API Core";JobControllerTest;"Opis niedostępny";worker_cannot_create_jobs;"Pracownik Nie może Utworzenie Zadania";"Tests\Feature\Api\JobControllerTest::test_worker_cannot_create_jobs";"✅ Przechodzi";PHPUnit
"API Core";JobControllerTest;"Opis niedostępny";worker_can_view_assigned_jobs;"Pracownik Może Podgląd assigned Zadania";"Tests\Feature\Api\JobControllerTest::test_worker_can_view_assigned_jobs";"✅ Przechodzi";PHPUnit
"API Core";JobControllerTest;"Opis niedostępny";unauthenticated_user_cannot_access_jobs;"Nieuwierzytelniony użytkownik nie może uzyskać dostępu do zadania";"Tests\Feature\Api\JobControllerTest::test_unauthenticated_user_cannot_access_jobs";"✅ Przechodzi";PHPUnit
"API Core";JobControllerTest;"Opis niedostępny";job_creation_validates_required_fields;"Tworzenie job waliduje wymagane pola";"Tests\Feature\Api\JobControllerTest::test_job_creation_validates_required_fields";"✅ Przechodzi";PHPUnit
"API Core";JobControllerTest;"Opis niedostępny";job_creation_validates_future_scheduled_date;"Job creation Waliduje future scheduled date";"Tests\Feature\Api\JobControllerTest::test_job_creation_validates_future_scheduled_date";"✅ Przechodzi";PHPUnit
"API Core";JobControllerTest;"Opis niedostępny";job_search_functionality;"Job Wyszukiwanie Funkcjonalność";"Tests\Feature\Api\JobControllerTest::test_job_search_functionality";"✅ Przechodzi";PHPUnit
"API Core";JobControllerTest;"Opis niedostępny";job_filtering_by_status;"Job filtering Przez Status";"Tests\Feature\Api\JobControllerTest::test_job_filtering_by_status";"✅ Przechodzi";PHPUnit
"API Core";JobControllerTest;"Opis niedostępny";job_filtering_by_location;"Job filtering Przez location";"Tests\Feature\Api\JobControllerTest::test_job_filtering_by_location";"✅ Przechodzi";PHPUnit
"API Core";LocationControllerTest;"Opis niedostępny";admin_can_list_locations;"Administrator może wyświetlić listę lokalizacje";"Tests\Feature\Api\LocationControllerTest::test_admin_can_list_locations";"✅ Przechodzi";PHPUnit
"API Core";LocationControllerTest;"Opis niedostępny";admin_can_create_location;"Administrator może utworzyć location";"Tests\Feature\Api\LocationControllerTest::test_admin_can_create_location";"✅ Przechodzi";PHPUnit
"API Core";LocationControllerTest;"Opis niedostępny";admin_can_view_location;"Administrator może wyświetlić location";"Tests\Feature\Api\LocationControllerTest::test_admin_can_view_location";"✅ Przechodzi";PHPUnit
"API Core";LocationControllerTest;"Opis niedostępny";admin_can_update_location;"Administrator może zaktualizować location";"Tests\Feature\Api\LocationControllerTest::test_admin_can_update_location";"✅ Przechodzi";PHPUnit
"API Core";LocationControllerTest;"Opis niedostępny";admin_can_delete_location;"Administrator może usunąć location";"Tests\Feature\Api\LocationControllerTest::test_admin_can_delete_location";"✅ Przechodzi";PHPUnit
"API Core";LocationControllerTest;"Opis niedostępny";admin_cannot_create_location_with_invalid_data;"Administrator Nie może Utworzenie location Z Nieprawidłowy data";"Tests\Feature\Api\LocationControllerTest::test_admin_cannot_create_location_with_invalid_data";"✅ Przechodzi";PHPUnit
"API Core";LocationControllerTest;"Opis niedostępny";non_admin_cannot_access_locations;"Non Administrator Nie może Dostęp do Lokalizacje";"Tests\Feature\Api\LocationControllerTest::test_non_admin_cannot_access_locations";"✅ Przechodzi";PHPUnit
"API Core";QuotaEnforcementTest;"Egzekwowanie limitów tenant";quota_enforcement_blocks_creation_over_limit;"Limit Wymuszanie blocks creation over limit";"Tests\Feature\Api\QuotaEnforcementTest::test_quota_enforcement_blocks_creation_over_limit";"✅ Przechodzi";PHPUnit
"API Core";QuotaEnforcementTest;"Egzekwowanie limitów tenant";quota_enforcement_allows_creation_within_limit;"Limit Wymuszanie Pozwala creation within limit";"Tests\Feature\Api\QuotaEnforcementTest::test_quota_enforcement_allows_creation_within_limit";"✅ Przechodzi";PHPUnit
"API Core";QuotaEnforcementTest;"Egzekwowanie limitów tenant";unlimited_quota_allows_any_creation;"Unlimited Limit Pozwala any creation";"Tests\Feature\Api\QuotaEnforcementTest::test_unlimited_quota_allows_any_creation";"✅ Przechodzi";PHPUnit
"API Core";QuotaEnforcementTest;"Egzekwowanie limitów tenant";quota_usage_tracking;"Limit usage tracking";"Tests\Feature\Api\QuotaEnforcementTest::test_quota_usage_tracking";"✅ Przechodzi";PHPUnit
"API Core";SectorControllerTest;"Opis niedostępny";can_list_all_sectors;"Może Lista Wszystkie Sektory";"Tests\Feature\Api\SectorControllerTest::test_can_list_all_sectors";"✅ Przechodzi";PHPUnit
"API Core";SectorControllerTest;"Opis niedostępny";can_filter_sectors_by_active_status;"Można filtrować sektory według active_statusu";"Tests\Feature\Api\SectorControllerTest::test_can_filter_sectors_by_active_status";"✅ Przechodzi";PHPUnit
"API Core";SectorControllerTest;"Opis niedostępny";can_search_sectors;"Można wyszukiwać sektory";"Tests\Feature\Api\SectorControllerTest::test_can_search_sectors";"✅ Przechodzi";PHPUnit
"API Core";SectorControllerTest;"Opis niedostępny";admin_can_create_sector;"Administrator może utworzyć sector";"Tests\Feature\Api\SectorControllerTest::test_admin_can_create_sector";"✅ Przechodzi";PHPUnit
"API Core";SectorControllerTest;"Opis niedostępny";admin_can_view_sector;"Administrator może wyświetlić sector";"Tests\Feature\Api\SectorControllerTest::test_admin_can_view_sector";"✅ Przechodzi";PHPUnit
"API Core";SectorControllerTest;"Opis niedostępny";admin_can_update_sector;"Administrator może zaktualizować sector";"Tests\Feature\Api\SectorControllerTest::test_admin_can_update_sector";"✅ Przechodzi";PHPUnit
"API Core";SectorControllerTest;"Opis niedostępny";admin_can_delete_sector_without_associations;"Administrator może usunąć sector_without_associations";"Tests\Feature\Api\SectorControllerTest::test_admin_can_delete_sector_without_associations";"✅ Przechodzi";PHPUnit
"API Core";SectorControllerTest;"Opis niedostępny";cannot_delete_sector_with_associations;"Nie może Usunięcie sector Z associations";"Tests\Feature\Api\SectorControllerTest::test_cannot_delete_sector_with_associations";"✅ Przechodzi";PHPUnit
"API Core";SectorControllerTest;"Opis niedostępny";cannot_create_sector_with_duplicate_code;"Nie może Utworzenie sector Z duplicate code";"Tests\Feature\Api\SectorControllerTest::test_cannot_create_sector_with_duplicate_code";"✅ Przechodzi";PHPUnit
"API Core";SectorControllerTest;"Opis niedostępny";unauthenticated_user_cannot_access_sectors;"Nieuwierzytelniony użytkownik nie może uzyskać dostępu do sektory";"Tests\Feature\Api\SectorControllerTest::test_unauthenticated_user_cannot_access_sectors";"✅ Przechodzi";PHPUnit
"API Core";SkillControllerTest;"Opis niedostępny";can_list_all_skills;"Może Lista Wszystkie Umiejętności";"Tests\Feature\Api\SkillControllerTest::test_can_list_all_skills";"✅ Przechodzi";PHPUnit
"API Core";SkillControllerTest;"Opis niedostępny";can_filter_skills_by_active_status;"Można filtrować umiejętności według active_statusu";"Tests\Feature\Api\SkillControllerTest::test_can_filter_skills_by_active_status";"✅ Przechodzi";PHPUnit
"API Core";SkillControllerTest;"Opis niedostępny";can_filter_skills_by_skill_type;"Można filtrować umiejętności według skill_typu";"Tests\Feature\Api\SkillControllerTest::test_can_filter_skills_by_skill_type";"✅ Przechodzi";PHPUnit
"API Core";SkillControllerTest;"Opis niedostępny";can_search_skills;"Można wyszukiwać umiejętności";"Tests\Feature\Api\SkillControllerTest::test_can_search_skills";"✅ Przechodzi";PHPUnit
"API Core";SkillControllerTest;"Opis niedostępny";admin_can_create_skill;"Administrator może utworzyć skill";"Tests\Feature\Api\SkillControllerTest::test_admin_can_create_skill";"✅ Przechodzi";PHPUnit
"API Core";SkillControllerTest;"Opis niedostępny";admin_can_view_skill;"Administrator może wyświetlić skill";"Tests\Feature\Api\SkillControllerTest::test_admin_can_view_skill";"✅ Przechodzi";PHPUnit
"API Core";SkillControllerTest;"Opis niedostępny";admin_can_update_skill;"Administrator może zaktualizować skill";"Tests\Feature\Api\SkillControllerTest::test_admin_can_update_skill";"✅ Przechodzi";PHPUnit
"API Core";SkillControllerTest;"Opis niedostępny";admin_can_delete_skill_without_workers;"Administrator może usunąć skill_without_pracowników";"Tests\Feature\Api\SkillControllerTest::test_admin_can_delete_skill_without_workers";"✅ Przechodzi";PHPUnit
"API Core";SkillControllerTest;"Opis niedostępny";cannot_delete_skill_with_associated_workers;"Nie może Usunięcie skill Z associated Pracownicy";"Tests\Feature\Api\SkillControllerTest::test_cannot_delete_skill_with_associated_workers";"✅ Przechodzi";PHPUnit
"API Core";SkillControllerTest;"Opis niedostępny";cannot_create_skill_with_duplicate_name;"Nie może Utworzenie skill Z duplicate name";"Tests\Feature\Api\SkillControllerTest::test_cannot_create_skill_with_duplicate_name";"✅ Przechodzi";PHPUnit
"API Core";SkillControllerTest;"Opis niedostępny";validates_skill_type_on_create;"Waliduje skill type on create";"Tests\Feature\Api\SkillControllerTest::test_validates_skill_type_on_create";"✅ Przechodzi";PHPUnit
"API Core";SkillControllerTest;"Opis niedostępny";unauthenticated_user_cannot_access_skills;"Nieuwierzytelniony użytkownik nie może uzyskać dostępu do umiejętności";"Tests\Feature\Api\SkillControllerTest::test_unauthenticated_user_cannot_access_skills";"✅ Przechodzi";PHPUnit
"API Core";TenantControllerTest;"Opis niedostępny";admin_can_list_tenants;"Administrator może wyświetlić listę tenants";"Tests\Feature\Api\TenantControllerTest::test_admin_can_list_tenants";"✅ Przechodzi";PHPUnit
"API Core";TenantControllerTest;"Opis niedostępny";admin_can_create_tenant;"Administrator może utworzyć tenant";"Tests\Feature\Api\TenantControllerTest::test_admin_can_create_tenant";"✅ Przechodzi";PHPUnit
"API Core";TenantControllerTest;"Opis niedostępny";admin_can_view_tenant;"Administrator może wyświetlić tenant";"Tests\Feature\Api\TenantControllerTest::test_admin_can_view_tenant";"✅ Przechodzi";PHPUnit
"API Core";TenantControllerTest;"Opis niedostępny";admin_can_update_tenant;"Administrator może zaktualizować tenant";"Tests\Feature\Api\TenantControllerTest::test_admin_can_update_tenant";"✅ Przechodzi";PHPUnit
"API Core";TenantControllerTest;"Opis niedostępny";admin_cannot_delete_tenant_with_users;"Administrator Nie może Usunięcie Klient (tenant) Z Użytkownicy";"Tests\Feature\Api\TenantControllerTest::test_admin_cannot_delete_tenant_with_users";"✅ Przechodzi";PHPUnit
"API Core";TenantControllerTest;"Opis niedostępny";admin_can_delete_empty_tenant;"Administrator może usunąć empty_tenant";"Tests\Feature\Api\TenantControllerTest::test_admin_can_delete_empty_tenant";"✅ Przechodzi";PHPUnit
"API Core";TenantControllerTest;"Opis niedostępny";admin_can_view_tenant_stats;"Administrator może wyświetlić tenant_statystyki";"Tests\Feature\Api\TenantControllerTest::test_admin_can_view_tenant_stats";"✅ Przechodzi";PHPUnit
"API Core";TenantControllerTest;"Opis niedostępny";manager_cannot_access_tenant_management;"Menedżer Nie może Dostęp do Klient (tenant) Zarządzanie";"Tests\Feature\Api\TenantControllerTest::test_manager_cannot_access_tenant_management";"✅ Przechodzi";PHPUnit
"API Core";TenantControllerTest;"Opis niedostępny";worker_cannot_access_tenant_management;"Pracownik Nie może Dostęp do Klient (tenant) Zarządzanie";"Tests\Feature\Api\TenantControllerTest::test_worker_cannot_access_tenant_management";"✅ Przechodzi";PHPUnit
"API Core";TenantControllerTest;"Opis niedostępny";unauthenticated_user_cannot_access_tenants;"Nieuwierzytelniony użytkownik nie może uzyskać dostępu do tenants";"Tests\Feature\Api\TenantControllerTest::test_unauthenticated_user_cannot_access_tenants";"✅ Przechodzi";PHPUnit
"API Core";TenantControllerTest;"Opis niedostępny";tenant_creation_validates_required_fields;"Tworzenie tenant waliduje wymagane pola";"Tests\Feature\Api\TenantControllerTest::test_tenant_creation_validates_required_fields";"✅ Przechodzi";PHPUnit
"API Core";TenantControllerTest;"Opis niedostępny";tenant_creation_validates_invalid_sector;"Klient (tenant) creation Waliduje Nieprawidłowy sector";"Tests\Feature\Api\TenantControllerTest::test_tenant_creation_validates_invalid_sector";"✅ Przechodzi";PHPUnit
"API Core";TenantControllerTest;"Opis niedostępny";tenant_search_functionality;"Klient (tenant) Wyszukiwanie Funkcjonalność";"Tests\Feature\Api\TenantControllerTest::test_tenant_search_functionality";"✅ Przechodzi";PHPUnit
"API Core";TenantControllerTest;"Opis niedostępny";tenant_filtering_by_sector;"Klient (tenant) filtering Przez sector";"Tests\Feature\Api\TenantControllerTest::test_tenant_filtering_by_sector";"✅ Przechodzi";PHPUnit
"API Core";UserControllerTest;"Opis niedostępny";admin_can_view_all_users;"Administrator może wyświetlić all_użytkowników";"Tests\Feature\Api\UserControllerTest::test_admin_can_view_all_users";"✅ Przechodzi";PHPUnit
"API Core";UserControllerTest;"Opis niedostępny";manager_can_view_users;"Menedżer Może Podgląd Użytkownicy";"Tests\Feature\Api\UserControllerTest::test_manager_can_view_users";"✅ Przechodzi";PHPUnit
"API Core";UserControllerTest;"Opis niedostępny";worker_cannot_create_users;"Pracownik Nie może Utworzenie Użytkownicy";"Tests\Feature\Api\UserControllerTest::test_worker_cannot_create_users";"✅ Przechodzi";PHPUnit
"API Core";UserControllerTest;"Opis niedostępny";admin_can_create_user;"Administrator może utworzyć user";"Tests\Feature\Api\UserControllerTest::test_admin_can_create_user";"✅ Przechodzi";PHPUnit
"API Core";UserControllerTest;"Opis niedostępny";admin_can_update_user;"Administrator może zaktualizować user";"Tests\Feature\Api\UserControllerTest::test_admin_can_update_user";"✅ Przechodzi";PHPUnit
"API Core";UserControllerTest;"Opis niedostępny";admin_can_delete_user;"Administrator może usunąć user";"Tests\Feature\Api\UserControllerTest::test_admin_can_delete_user";"✅ Przechodzi";PHPUnit
"API Core";UserControllerTest;"Opis niedostępny";user_cannot_access_different_tenant_users;"Użytkownik Nie może Dostęp do Różny Klient (tenant) Użytkownicy";"Tests\Feature\Api\UserControllerTest::test_user_cannot_access_different_tenant_users";"✅ Przechodzi";PHPUnit
"API Core";UserControllerTest;"Opis niedostępny";unauthenticated_user_cannot_access_users;"Nieuwierzytelniony użytkownik nie może uzyskać dostępu do użytkowników";"Tests\Feature\Api\UserControllerTest::test_unauthenticated_user_cannot_access_users";"✅ Przechodzi";PHPUnit
"API Core";UserControllerTest;"Opis niedostępny";user_can_view_own_profile;"Użytkownik Może Podgląd own profile";"Tests\Feature\Api\UserControllerTest::test_user_can_view_own_profile";"✅ Przechodzi";PHPUnit
"API V1";AuditLogControllerTest;"Opis niedostępny";admin_can_list_audit_logs;"Administrator może wyświetlić listę audit_logs";"Tests\Feature\Api\V1\AuditLogControllerTest::test_admin_can_list_audit_logs";"✅ Przechodzi";PHPUnit
"API V1";AuditLogControllerTest;"Opis niedostępny";manager_can_list_audit_logs;"Menedżer Może Lista Logi audytu";"Tests\Feature\Api\V1\AuditLogControllerTest::test_manager_can_list_audit_logs";"✅ Przechodzi";PHPUnit
"API V1";AuditLogControllerTest;"Opis niedostępny";worker_cannot_access_audit_logs;"Pracownik Nie może Dostęp do Logi audytu";"Tests\Feature\Api\V1\AuditLogControllerTest::test_worker_cannot_access_audit_logs";"✅ Przechodzi";PHPUnit
"API V1";AuditLogControllerTest;"Opis niedostępny";can_show_single_audit_log;"Może Wyświetlenie Pojedynczy audit log";"Tests\Feature\Api\V1\AuditLogControllerTest::test_can_show_single_audit_log";"✅ Przechodzi";PHPUnit
"API V1";AuditLogControllerTest;"Opis niedostępny";cannot_show_audit_log_from_different_tenant;"Nie może Wyświetlenie audit log Z Różny tenant";"Tests\Feature\Api\V1\AuditLogControllerTest::test_cannot_show_audit_log_from_different_tenant";"✅ Przechodzi";PHPUnit
"API V1";AuditLogControllerTest;"Opis niedostępny";can_create_audit_log;"Może Utworzenie audit log";"Tests\Feature\Api\V1\AuditLogControllerTest::test_can_create_audit_log";"✅ Przechodzi";PHPUnit
"API V1";AuditLogControllerTest;"Opis niedostępny";admin_can_delete_audit_log;"Administrator może usunąć audit_log";"Tests\Feature\Api\V1\AuditLogControllerTest::test_admin_can_delete_audit_log";"✅ Przechodzi";PHPUnit
"API V1";AuditLogControllerTest;"Opis niedostępny";manager_cannot_delete_audit_log;"Menedżer Nie może Usunięcie audit log";"Tests\Feature\Api\V1\AuditLogControllerTest::test_manager_cannot_delete_audit_log";"✅ Przechodzi";PHPUnit
"API V1";AuditLogControllerTest;"Opis niedostępny";can_get_audit_statistics;"Może get audit Statystyki";"Tests\Feature\Api\V1\AuditLogControllerTest::test_can_get_audit_statistics";"✅ Przechodzi";PHPUnit
"API V1";AuditLogControllerTest;"Opis niedostępny";can_get_user_activity;"Może get Użytkownik activity";"Tests\Feature\Api\V1\AuditLogControllerTest::test_can_get_user_activity";"✅ Przechodzi";PHPUnit
"API V1";AuditLogControllerTest;"Opis niedostępny";can_get_model_history;"Może get model history";"Tests\Feature\Api\V1\AuditLogControllerTest::test_can_get_model_history";"✅ Przechodzi";PHPUnit
"API V1";AuditLogControllerTest;"Opis niedostępny";can_search_audit_logs;"Można wyszukiwać audit_logs";"Tests\Feature\Api\V1\AuditLogControllerTest::test_can_search_audit_logs";"✅ Przechodzi";PHPUnit
"API V1";AuditLogControllerTest;"Opis niedostępny";validates_required_fields_on_create;"Waliduje Wymagane pola on create";"Tests\Feature\Api\V1\AuditLogControllerTest::test_validates_required_fields_on_create";"✅ Przechodzi";PHPUnit
"API V1";AuditLogControllerTest;"Opis niedostępny";can_filter_logs_by_action;"Można filtrować logs według action";"Tests\Feature\Api\V1\AuditLogControllerTest::test_can_filter_logs_by_action";"✅ Przechodzi";PHPUnit
"API V1";AuditLogControllerTest;"Opis niedostępny";can_filter_logs_by_user;"Można filtrować logs według user";"Tests\Feature\Api\V1\AuditLogControllerTest::test_can_filter_logs_by_user";"✅ Przechodzi";PHPUnit
"API V1";AuditLogControllerTest;"Opis niedostępny";requires_authentication;"Requires authentication";"Tests\Feature\Api\V1\AuditLogControllerTest::test_requires_authentication";"✅ Przechodzi";PHPUnit
"API V1";AuditLogControllerTest;"Opis niedostępny";lists_only_tenant_audit_logs;"Lists only Klient (tenant) Logi audytu";"Tests\Feature\Api\V1\AuditLogControllerTest::test_lists_only_tenant_audit_logs";"✅ Przechodzi";PHPUnit
"API V1";AuditLogControllerTest;"Opis niedostępny";update_returns_forbidden;"Aktualizacja Zwraca forbidden";"Tests\Feature\Api\V1\AuditLogControllerTest::test_update_returns_forbidden";"✅ Przechodzi";PHPUnit
"API V1";CertificationControllerTest;"Opis niedostępny";admin_can_list_certifications;"Administrator może wyświetlić listę certyfikaty";"Tests\Feature\Api\V1\CertificationControllerTest::test_admin_can_list_certifications";"✅ Przechodzi";PHPUnit
"API V1";CertificationControllerTest;"Opis niedostępny";manager_can_list_certifications;"Menedżer Może Lista Certyfikaty";"Tests\Feature\Api\V1\CertificationControllerTest::test_manager_can_list_certifications";"✅ Przechodzi";PHPUnit
"API V1";CertificationControllerTest;"Opis niedostępny";worker_cannot_access_certifications;"Pracownik Nie może Dostęp do Certyfikaty";"Tests\Feature\Api\V1\CertificationControllerTest::test_worker_cannot_access_certifications";"✅ Przechodzi";PHPUnit
"API V1";CertificationControllerTest;"Opis niedostępny";can_show_single_certification;"Może Wyświetlenie Pojedynczy certification";"Tests\Feature\Api\V1\CertificationControllerTest::test_can_show_single_certification";"✅ Przechodzi";PHPUnit
"API V1";CertificationControllerTest;"Opis niedostępny";cannot_show_certification_from_different_tenant;"Nie może Wyświetlenie Certyfikat Z Różny tenant";"Tests\Feature\Api\V1\CertificationControllerTest::test_cannot_show_certification_from_different_tenant";"✅ Przechodzi";PHPUnit
"API V1";CertificationControllerTest;"Opis niedostępny";can_create_certification;"Może Utworzenie certification";"Tests\Feature\Api\V1\CertificationControllerTest::test_can_create_certification";"✅ Przechodzi";PHPUnit
"API V1";CertificationControllerTest;"Opis niedostępny";can_update_certification;"Może Aktualizacja certification";"Tests\Feature\Api\V1\CertificationControllerTest::test_can_update_certification";"✅ Przechodzi";PHPUnit
"API V1";CertificationControllerTest;"Opis niedostępny";admin_can_delete_certification;"Administrator może usunąć certification";"Tests\Feature\Api\V1\CertificationControllerTest::test_admin_can_delete_certification";"✅ Przechodzi";PHPUnit
"API V1";CertificationControllerTest;"Opis niedostępny";manager_cannot_delete_certification;"Menedżer Nie może Usunięcie certification";"Tests\Feature\Api\V1\CertificationControllerTest::test_manager_cannot_delete_certification";"✅ Przechodzi";PHPUnit
"API V1";CertificationControllerTest;"Opis niedostępny";cannot_delete_certification_assigned_to_workers;"Nie może Usunięcie Certyfikat assigned Do Pracownicy";"Tests\Feature\Api\V1\CertificationControllerTest::test_cannot_delete_certification_assigned_to_workers";"✅ Przechodzi";PHPUnit
"API V1";CertificationControllerTest;"Opis niedostępny";can_get_certification_statistics;"Może get Certyfikat Statystyki";"Tests\Feature\Api\V1\CertificationControllerTest::test_can_get_certification_statistics";"✅ Przechodzi";PHPUnit
"API V1";CertificationControllerTest;"Opis niedostępny";can_get_certification_workers;"Może get Certyfikat Pracownicy";"Tests\Feature\Api\V1\CertificationControllerTest::test_can_get_certification_workers";"✅ Przechodzi";PHPUnit
"API V1";CertificationControllerTest;"Opis niedostępny";can_search_certifications;"Można wyszukiwać certyfikaty";"Tests\Feature\Api\V1\CertificationControllerTest::test_can_search_certifications";"✅ Przechodzi";PHPUnit
"API V1";CertificationControllerTest;"Opis niedostępny";can_filter_certifications_by_authority;"Można filtrować certyfikaty według authority";"Tests\Feature\Api\V1\CertificationControllerTest::test_can_filter_certifications_by_authority";"✅ Przechodzi";PHPUnit
"API V1";CertificationControllerTest;"Opis niedostępny";can_filter_certifications_by_status;"Można filtrować certyfikaty według statusu";"Tests\Feature\Api\V1\CertificationControllerTest::test_can_filter_certifications_by_status";"✅ Przechodzi";PHPUnit
"API V1";CertificationControllerTest;"Opis niedostępny";validates_required_fields_on_create;"Waliduje Wymagane pola on create";"Tests\Feature\Api\V1\CertificationControllerTest::test_validates_required_fields_on_create";"✅ Przechodzi";PHPUnit
"API V1";CertificationControllerTest;"Opis niedostępny";validates_validity_period_range;"Waliduje validity period range";"Tests\Feature\Api\V1\CertificationControllerTest::test_validates_validity_period_range";"✅ Przechodzi";PHPUnit
"API V1";CertificationControllerTest;"Opis niedostępny";requires_authentication;"Requires authentication";"Tests\Feature\Api\V1\CertificationControllerTest::test_requires_authentication";"✅ Przechodzi";PHPUnit
"API V1";CertificationControllerTest;"Opis niedostępny";lists_only_tenant_certifications;"Lists only Klient (tenant) Certyfikaty";"Tests\Feature\Api\V1\CertificationControllerTest::test_lists_only_tenant_certifications";"✅ Przechodzi";PHPUnit
"API V1";NotificationControllerTest;"Opis niedostępny";can_list_notifications;"Może Lista Powiadomienia";"Tests\Feature\Api\V1\NotificationControllerTest::test_can_list_notifications";"✅ Przechodzi";PHPUnit
"API V1";NotificationControllerTest;"Opis niedostępny";can_show_single_notification;"Może Wyświetlenie Pojedynczy notification";"Tests\Feature\Api\V1\NotificationControllerTest::test_can_show_single_notification";"✅ Przechodzi";PHPUnit
"API V1";NotificationControllerTest;"Opis niedostępny";cannot_show_notification_from_different_tenant;"Nie może Wyświetlenie Powiadomienie Z Różny tenant";"Tests\Feature\Api\V1\NotificationControllerTest::test_cannot_show_notification_from_different_tenant";"✅ Przechodzi";PHPUnit
"API V1";NotificationControllerTest;"Opis niedostępny";can_create_notification;"Może Utworzenie notification";"Tests\Feature\Api\V1\NotificationControllerTest::test_can_create_notification";"✅ Przechodzi";PHPUnit
"API V1";NotificationControllerTest;"Opis niedostępny";can_delete_notification;"Może Usunięcie notification";"Tests\Feature\Api\V1\NotificationControllerTest::test_can_delete_notification";"✅ Przechodzi";PHPUnit
"API V1";NotificationControllerTest;"Opis niedostępny";cannot_delete_notification_from_different_tenant;"Nie może Usunięcie Powiadomienie Z Różny tenant";"Tests\Feature\Api\V1\NotificationControllerTest::test_cannot_delete_notification_from_different_tenant";"✅ Przechodzi";PHPUnit
"API V1";NotificationControllerTest;"Opis niedostępny";can_mark_notification_as_read;"Może mark Powiadomienie as read";"Tests\Feature\Api\V1\NotificationControllerTest::test_can_mark_notification_as_read";"✅ Przechodzi";PHPUnit
"API V1";NotificationControllerTest;"Opis niedostępny";can_mark_all_notifications_as_read;"Może mark Wszystkie Powiadomienia as read";"Tests\Feature\Api\V1\NotificationControllerTest::test_can_mark_all_notifications_as_read";"✅ Przechodzi";PHPUnit
"API V1";NotificationControllerTest;"Opis niedostępny";can_get_notification_stats;"Może get Powiadomienie Statystyki";"Tests\Feature\Api\V1\NotificationControllerTest::test_can_get_notification_stats";"✅ Przechodzi";PHPUnit
"API V1";NotificationControllerTest;"Opis niedostępny";can_get_unread_count;"Może get unread count";"Tests\Feature\Api\V1\NotificationControllerTest::test_can_get_unread_count";"✅ Przechodzi";PHPUnit
"API V1";NotificationControllerTest;"Opis niedostępny";can_bulk_delete_notifications;"Może bulk Usunięcie Powiadomienia";"Tests\Feature\Api\V1\NotificationControllerTest::test_can_bulk_delete_notifications";"✅ Przechodzi";PHPUnit
"API V1";NotificationControllerTest;"Opis niedostępny";validates_required_fields_on_create;"Waliduje Wymagane pola on create";"Tests\Feature\Api\V1\NotificationControllerTest::test_validates_required_fields_on_create";"✅ Przechodzi";PHPUnit
"API V1";NotificationControllerTest;"Opis niedostępny";validates_notification_type;"Waliduje Powiadomienie type";"Tests\Feature\Api\V1\NotificationControllerTest::test_validates_notification_type";"✅ Przechodzi";PHPUnit
"API V1";NotificationControllerTest;"Opis niedostępny";can_filter_notifications_by_type;"Można filtrować powiadomienia według typu";"Tests\Feature\Api\V1\NotificationControllerTest::test_can_filter_notifications_by_type";"✅ Przechodzi";PHPUnit
"API V1";NotificationControllerTest;"Opis niedostępny";can_filter_notifications_by_read_status;"Można filtrować powiadomienia według read_statusu";"Tests\Feature\Api\V1\NotificationControllerTest::test_can_filter_notifications_by_read_status";"✅ Przechodzi";PHPUnit
"API V1";NotificationControllerTest;"Opis niedostępny";requires_authentication;"Requires authentication";"Tests\Feature\Api\V1\NotificationControllerTest::test_requires_authentication";"✅ Przechodzi";PHPUnit
"API V1";NotificationControllerTest;"Opis niedostępny";lists_only_tenant_notifications;"Lists only Klient (tenant) Powiadomienia";"Tests\Feature\Api\V1\NotificationControllerTest::test_lists_only_tenant_notifications";"✅ Przechodzi";PHPUnit
"API V1";PermissionControllerTest;"Opis niedostępny";admin_can_list_permissions;"Administrator może wyświetlić listę uprawnienia";"Tests\Feature\Api\V1\PermissionControllerTest::test_admin_can_list_permissions";"✅ Przechodzi";PHPUnit
"API V1";PermissionControllerTest;"Opis niedostępny";manager_cannot_list_permissions;"Menedżer Nie może Lista Uprawnienia";"Tests\Feature\Api\V1\PermissionControllerTest::test_manager_cannot_list_permissions";"✅ Przechodzi";PHPUnit
"API V1";PermissionControllerTest;"Opis niedostępny";worker_cannot_access_permissions;"Pracownik Nie może Dostęp do Uprawnienia";"Tests\Feature\Api\V1\PermissionControllerTest::test_worker_cannot_access_permissions";"✅ Przechodzi";PHPUnit
"API V1";PermissionControllerTest;"Opis niedostępny";can_search_permissions;"Można wyszukiwać uprawnienia";"Tests\Feature\Api\V1\PermissionControllerTest::test_can_search_permissions";"✅ Przechodzi";PHPUnit
"API V1";PermissionControllerTest;"Opis niedostępny";requires_authentication;"Requires authentication";"Tests\Feature\Api\V1\PermissionControllerTest::test_requires_authentication";"✅ Przechodzi";PHPUnit
"API V1";PermissionControllerTest;"Opis niedostępny";can_filter_permissions_by_group;"Można filtrować uprawnienia według group";"Tests\Feature\Api\V1\PermissionControllerTest::test_can_filter_permissions_by_group";"✅ Przechodzi";PHPUnit
"API V1";PermissionControllerTest;"Opis niedostępny";can_filter_permissions_by_status;"Można filtrować uprawnienia według statusu";"Tests\Feature\Api\V1\PermissionControllerTest::test_can_filter_permissions_by_status";"✅ Przechodzi";PHPUnit
"API V1";PermissionControllerTest;"Opis niedostępny";can_sort_permissions;"Może Sortowanie Uprawnienia";"Tests\Feature\Api\V1\PermissionControllerTest::test_can_sort_permissions";"✅ Przechodzi";PHPUnit
"API V1";PermissionControllerTest;"Opis niedostępny";permissions_include_computed_fields;"Uprawnienia include computed fields";"Tests\Feature\Api\V1\PermissionControllerTest::test_permissions_include_computed_fields";"✅ Przechodzi";PHPUnit
"API V1";SignatureControllerTest;"Opis niedostępny";can_list_signatures;"Może Lista Podpisy";"Tests\Feature\Api\V1\SignatureControllerTest::test_can_list_signatures";"✅ Przechodzi";PHPUnit
"API V1";SignatureControllerTest;"Opis niedostępny";can_show_single_signature;"Może Wyświetlenie Pojedynczy signature";"Tests\Feature\Api\V1\SignatureControllerTest::test_can_show_single_signature";"✅ Przechodzi";PHPUnit
"API V1";SignatureControllerTest;"Opis niedostępny";cannot_show_signature_from_different_tenant;"Nie może Wyświetlenie PodpJest Z Różny tenant";"Tests\Feature\Api\V1\SignatureControllerTest::test_cannot_show_signature_from_different_tenant";"✅ Przechodzi";PHPUnit
"API V1";SignatureControllerTest;"Opis niedostępny";can_create_signature;"Może Utworzenie signature";"Tests\Feature\Api\V1\SignatureControllerTest::test_can_create_signature";"✅ Przechodzi";PHPUnit
"API V1";SignatureControllerTest;"Opis niedostępny";authenticated_user_can_update_signature;"Authenticated Użytkownik Może Aktualizacja signature";"Tests\Feature\Api\V1\SignatureControllerTest::test_authenticated_user_can_update_signature";"✅ Przechodzi";PHPUnit
"API V1";SignatureControllerTest;"Opis niedostępny";cannot_update_signature_from_different_tenant;"Nie może Aktualizacja PodpJest Z Różny tenant";"Tests\Feature\Api\V1\SignatureControllerTest::test_cannot_update_signature_from_different_tenant";"✅ Przechodzi";PHPUnit
"API V1";SignatureControllerTest;"Opis niedostępny";can_delete_signature;"Może Usunięcie signature";"Tests\Feature\Api\V1\SignatureControllerTest::test_can_delete_signature";"✅ Przechodzi";PHPUnit
"API V1";SignatureControllerTest;"Opis niedostępny";cannot_delete_signature_from_different_tenant;"Nie może Usunięcie PodpJest Z Różny tenant";"Tests\Feature\Api\V1\SignatureControllerTest::test_cannot_delete_signature_from_different_tenant";"✅ Przechodzi";PHPUnit
"API V1";SignatureControllerTest;"Opis niedostępny";can_verify_signature;"Może verify signature";"Tests\Feature\Api\V1\SignatureControllerTest::test_can_verify_signature";"✅ Przechodzi";PHPUnit
"API V1";SignatureControllerTest;"Opis niedostępny";verification_fails_for_invalid_hash;"Verification fails for Nieprawidłowy hash";"Tests\Feature\Api\V1\SignatureControllerTest::test_verification_fails_for_invalid_hash";"✅ Przechodzi";PHPUnit
"API V1";SignatureControllerTest;"Opis niedostępny";can_get_certificate_for_signature;"Może get certificate for signature";"Tests\Feature\Api\V1\SignatureControllerTest::test_can_get_certificate_for_signature";"✅ Przechodzi";PHPUnit
"API V1";SignatureControllerTest;"Opis niedostępny";validates_required_fields_on_create;"Waliduje Wymagane pola on create";"Tests\Feature\Api\V1\SignatureControllerTest::test_validates_required_fields_on_create";"✅ Przechodzi";PHPUnit
"API V1";SignatureControllerTest;"Opis niedostępny";validates_signatory_name_max_length;"Waliduje signatory name max length";"Tests\Feature\Api\V1\SignatureControllerTest::test_validates_signatory_name_max_length";"✅ Przechodzi";PHPUnit
"API V1";SignatureControllerTest;"Opis niedostępny";validates_signatory_role_max_length;"Waliduje signatory Rola max length";"Tests\Feature\Api\V1\SignatureControllerTest::test_validates_signatory_role_max_length";"✅ Przechodzi";PHPUnit
"API V1";SignatureControllerTest;"Opis niedostępny";validates_metadata_is_array;"Waliduje metadata Jest array";"Tests\Feature\Api\V1\SignatureControllerTest::test_validates_metadata_is_array";"✅ Przechodzi";PHPUnit
"API V1";SignatureControllerTest;"Opis niedostępny";requires_authentication;"Requires authentication";"Tests\Feature\Api\V1\SignatureControllerTest::test_requires_authentication";"✅ Przechodzi";PHPUnit
"API V1";SignatureControllerTest;"Opis niedostępny";lists_only_tenant_signatures;"Lists only Klient (tenant) Podpisy";"Tests\Feature\Api\V1\SignatureControllerTest::test_lists_only_tenant_signatures";"✅ Przechodzi";PHPUnit
"API V1";SignatureControllerTest;"Opis niedostępny";can_filter_signatures_by_signatory_name;"Można filtrować podpisy według signatory_nazwy";"Tests\Feature\Api\V1\SignatureControllerTest::test_can_filter_signatures_by_signatory_name";"✅ Przechodzi";PHPUnit
"API V1";SignatureControllerTest;"Opis niedostępny";can_filter_signatures_by_signatory_role;"Można filtrować podpisy według signatory_role";"Tests\Feature\Api\V1\SignatureControllerTest::test_can_filter_signatures_by_signatory_role";"✅ Przechodzi";PHPUnit
"API V1 System";RoleControllerTest;"Opis niedostępny";can_list_roles;"Może Lista Role";"Tests\Feature\Api\V1\System\RoleControllerTest::test_can_list_roles";"✅ Przechodzi";PHPUnit
"API V1 System";RoleControllerTest;"Opis niedostępny";can_create_role;"Może Utworzenie role";"Tests\Feature\Api\V1\System\RoleControllerTest::test_can_create_role";"✅ Przechodzi";PHPUnit
"API V1 System";RoleControllerTest;"Opis niedostępny";can_show_role;"Może Wyświetlenie role";"Tests\Feature\Api\V1\System\RoleControllerTest::test_can_show_role";"✅ Przechodzi";PHPUnit
"API V1 System";RoleControllerTest;"Opis niedostępny";cannot_show_role_from_different_tenant;"Nie może Wyświetlenie Rola Z Różny tenant";"Tests\Feature\Api\V1\System\RoleControllerTest::test_cannot_show_role_from_different_tenant";"✅ Przechodzi";PHPUnit
"API V1 System";RoleControllerTest;"Opis niedostępny";can_update_role;"Może Aktualizacja role";"Tests\Feature\Api\V1\System\RoleControllerTest::test_can_update_role";"✅ Przechodzi";PHPUnit
"API V1 System";RoleControllerTest;"Opis niedostępny";cannot_update_role_from_different_tenant;"Nie może Aktualizacja Rola Z Różny tenant";"Tests\Feature\Api\V1\System\RoleControllerTest::test_cannot_update_role_from_different_tenant";"✅ Przechodzi";PHPUnit
"API V1 System";RoleControllerTest;"Opis niedostępny";can_delete_role;"Może Usunięcie role";"Tests\Feature\Api\V1\System\RoleControllerTest::test_can_delete_role";"✅ Przechodzi";PHPUnit
"API V1 System";RoleControllerTest;"Opis niedostępny";cannot_delete_role_from_different_tenant;"Nie może Usunięcie Rola Z Różny tenant";"Tests\Feature\Api\V1\System\RoleControllerTest::test_cannot_delete_role_from_different_tenant";"✅ Przechodzi";PHPUnit
"API V1 System";RoleControllerTest;"Opis niedostępny";can_assign_permission_to_role;"Może assign Uprawnienia Do role";"Tests\Feature\Api\V1\System\RoleControllerTest::test_can_assign_permission_to_role";"✅ Przechodzi";PHPUnit
"API V1 System";RoleControllerTest;"Opis niedostępny";cannot_assign_permission_to_role_from_different_tenant;"Nie może assign Uprawnienia Do Rola Z Różny tenant";"Tests\Feature\Api\V1\System\RoleControllerTest::test_cannot_assign_permission_to_role_from_different_tenant";"✅ Przechodzi";PHPUnit
"API V1 System";RoleControllerTest;"Opis niedostępny";can_remove_permission_from_role;"Może remove Uprawnienia Z role";"Tests\Feature\Api\V1\System\RoleControllerTest::test_can_remove_permission_from_role";"✅ Przechodzi";PHPUnit
"API V1 System";RoleControllerTest;"Opis niedostępny";can_list_role_permissions;"Może Lista Rola Uprawnienia";"Tests\Feature\Api\V1\System\RoleControllerTest::test_can_list_role_permissions";"✅ Przechodzi";PHPUnit
"API V1 System";RoleControllerTest;"Opis niedostępny";validates_required_fields_on_create;"Waliduje Wymagane pola on create";"Tests\Feature\Api\V1\System\RoleControllerTest::test_validates_required_fields_on_create";"✅ Przechodzi";PHPUnit
"API V1 System";RoleControllerTest;"Opis niedostępny";validates_unique_name_per_tenant_on_create;"Waliduje unique name per Klient (tenant) on create";"Tests\Feature\Api\V1\System\RoleControllerTest::test_validates_unique_name_per_tenant_on_create";"✅ Przechodzi";PHPUnit
"API V1 System";RoleControllerTest;"Opis niedostępny";allows_same_name_across_different_tenants;"Pozwala Ten sam name across Różny Klienci";"Tests\Feature\Api\V1\System\RoleControllerTest::test_allows_same_name_across_different_tenants";"✅ Przechodzi";PHPUnit
"API V1 System";RoleControllerTest;"Opis niedostępny";validates_permissions_array_on_create;"Waliduje Uprawnienia array on create";"Tests\Feature\Api\V1\System\RoleControllerTest::test_validates_permissions_array_on_create";"✅ Przechodzi";PHPUnit
"API V1 System";RoleControllerTest;"Opis niedostępny";validates_permission_existence_on_create;"Waliduje Uprawnienia existence on create";"Tests\Feature\Api\V1\System\RoleControllerTest::test_validates_permission_existence_on_create";"✅ Przechodzi";PHPUnit
"API V1 System";RoleControllerTest;"Opis niedostępny";validates_unique_name_per_tenant_on_update;"Waliduje unique name per Klient (tenant) on update";"Tests\Feature\Api\V1\System\RoleControllerTest::test_validates_unique_name_per_tenant_on_update";"✅ Przechodzi";PHPUnit
"API V1 System";RoleControllerTest;"Opis niedostępny";can_update_role_with_same_name;"Może Aktualizacja Rola Z Ten sam name";"Tests\Feature\Api\V1\System\RoleControllerTest::test_can_update_role_with_same_name";"✅ Przechodzi";PHPUnit
"API V1 System";RoleControllerTest;"Opis niedostępny";role_has_correct_slug_generation;"Rola Ma Poprawny slug generation";"Tests\Feature\Api\V1\System\RoleControllerTest::test_role_has_correct_slug_generation";"✅ Przechodzi";PHPUnit
"API V1 System";RoleControllerTest;"Opis niedostępny";role_includes_permissions_in_response;"Role_Zawiera uprawnienia w odpowiedzi";"Tests\Feature\Api\V1\System\RoleControllerTest::test_role_includes_permissions_in_response";"✅ Przechodzi";PHPUnit
"API V1 System";RoleControllerTest;"Opis niedostępny";handles_non_existent_role;"Handles non existent role";"Tests\Feature\Api\V1\System\RoleControllerTest::test_handles_non_existent_role";"✅ Przechodzi";PHPUnit
"API V1 System";RoleControllerTest;"Opis niedostępny";handles_non_existent_permission_assignment;"Handles non existent Uprawnienia assignment";"Tests\Feature\Api\V1\System\RoleControllerTest::test_handles_non_existent_permission_assignment";"✅ Przechodzi";PHPUnit
"API V1 System";RoleControllerTest;"Opis niedostępny";handles_removing_non_assigned_permission;"Handles removing non assigned permission";"Tests\Feature\Api\V1\System\RoleControllerTest::test_handles_removing_non_assigned_permission";"✅ Przechodzi";PHPUnit
"API V1 System";RoleControllerTest;"Opis niedostępny";prevents_duplicate_permission_assignment;"Prevents duplicate Uprawnienia assignment";"Tests\Feature\Api\V1\System\RoleControllerTest::test_prevents_duplicate_permission_assignment";"✅ Przechodzi";PHPUnit
"API Core";WorkerControllerTest;"Opis niedostępny";admin_can_list_workers;"Administrator może wyświetlić listę pracowników";"Tests\Feature\Api\WorkerControllerTest::test_admin_can_list_workers";"✅ Przechodzi";PHPUnit
"API Core";WorkerControllerTest;"Opis niedostępny";admin_can_create_worker;"Administrator może utworzyć worker";"Tests\Feature\Api\WorkerControllerTest::test_admin_can_create_worker";"✅ Przechodzi";PHPUnit
"API Core";WorkerControllerTest;"Opis niedostępny";admin_can_view_worker;"Administrator może wyświetlić worker";"Tests\Feature\Api\WorkerControllerTest::test_admin_can_view_worker";"✅ Przechodzi";PHPUnit
"API Core";WorkerControllerTest;"Opis niedostępny";admin_can_update_worker;"Administrator może zaktualizować worker";"Tests\Feature\Api\WorkerControllerTest::test_admin_can_update_worker";"✅ Przechodzi";PHPUnit
"API Core";WorkerControllerTest;"Opis niedostępny";admin_can_delete_inactive_worker;"Administrator może usunąć inactive_worker";"Tests\Feature\Api\WorkerControllerTest::test_admin_can_delete_inactive_worker";"✅ Przechodzi";PHPUnit
"API Core";WorkerControllerTest;"Opis niedostępny";admin_can_delete_worker_without_active_assignments;"Administrator może usunąć worker_without_active_assignments";"Tests\Feature\Api\WorkerControllerTest::test_admin_can_delete_worker_without_active_assignments";"✅ Przechodzi";PHPUnit
"API Core";WorkerControllerTest;"Opis niedostępny";admin_can_get_worker_stats;"Administrator może pobrać worker_statystyki";"Tests\Feature\Api\WorkerControllerTest::test_admin_can_get_worker_stats";"✅ Przechodzi";PHPUnit
"API Core";WorkerControllerTest;"Opis niedostępny";admin_can_get_available_workers;"Administrator może pobrać available_pracowników";"Tests\Feature\Api\WorkerControllerTest::test_admin_can_get_available_workers";"✅ Przechodzi";PHPUnit
"API Core";WorkerControllerTest;"Opis niedostępny";manager_can_access_worker_management;"Menedżer może uzyskać dostęp do worker_zarządzania";"Tests\Feature\Api\WorkerControllerTest::test_manager_can_access_worker_management";"✅ Przechodzi";PHPUnit
"API Core";WorkerControllerTest;"Opis niedostępny";worker_cannot_create_workers;"Pracownik Nie może Utworzenie Pracownicy";"Tests\Feature\Api\WorkerControllerTest::test_worker_cannot_create_workers";"✅ Przechodzi";PHPUnit
"API Core";WorkerControllerTest;"Opis niedostępny";worker_can_view_workers_list;"Pracownik Może Podgląd Pracownicy list";"Tests\Feature\Api\WorkerControllerTest::test_worker_can_view_workers_list";"✅ Przechodzi";PHPUnit
"API Core";WorkerControllerTest;"Opis niedostępny";unauthenticated_user_cannot_access_workers;"Nieuwierzytelniony użytkownik nie może uzyskać dostępu do pracowników";"Tests\Feature\Api\WorkerControllerTest::test_unauthenticated_user_cannot_access_workers";"✅ Przechodzi";PHPUnit
"API Core";WorkerControllerTest;"Opis niedostępny";worker_creation_validates_required_fields;"Tworzenie worker waliduje wymagane pola";"Tests\Feature\Api\WorkerControllerTest::test_worker_creation_validates_required_fields";"✅ Przechodzi";PHPUnit
"API Core";WorkerControllerTest;"Opis niedostępny";worker_search_functionality;"Pracownik Wyszukiwanie Funkcjonalność";"Tests\Feature\Api\WorkerControllerTest::test_worker_search_functionality";"✅ Przechodzi";PHPUnit
"API Core";WorkerControllerTest;"Opis niedostępny";worker_filtering_by_status;"Pracownik filtering Przez Status";"Tests\Feature\Api\WorkerControllerTest::test_worker_filtering_by_status";"✅ Przechodzi";PHPUnit
"API Core";WorkerControllerTest;"Opis niedostępny";worker_tenant_isolation;"Pracownik Klient (tenant) isolation";"Tests\Feature\Api\WorkerControllerTest::test_worker_tenant_isolation";"✅ Przechodzi";PHPUnit
"API Core";WorkerManagementTest;"Dodatkowe testy zarządzania pracownikami";admin_can_create_worker;"Administrator może utworzyć worker";"Tests\Feature\Api\WorkerManagementTest::test_admin_can_create_worker";"✅ Przechodzi";PHPUnit
"API Core";WorkerManagementTest;"Dodatkowe testy zarządzania pracownikami";worker_cannot_create_worker;"Pracownik Nie może Utworzenie worker";"Tests\Feature\Api\WorkerManagementTest::test_worker_cannot_create_worker";"✅ Przechodzi";PHPUnit
"API Core";WorkerManagementTest;"Dodatkowe testy zarządzania pracownikami";admin_can_view_workers_list;"Administrator może wyświetlić pracowników_list";"Tests\Feature\Api\WorkerManagementTest::test_admin_can_view_workers_list";"✅ Przechodzi";PHPUnit
"API Core";WorkerManagementTest;"Dodatkowe testy zarządzania pracownikami";worker_isolation_between_tenants;"Pracownik Izolacja between Klienci";"Tests\Feature\Api\WorkerManagementTest::test_worker_isolation_between_tenants";"✅ Przechodzi";PHPUnit
"API Core";WorkerManagementTest;"Dodatkowe testy zarządzania pracownikami";admin_can_update_worker;"Administrator może zaktualizować worker";"Tests\Feature\Api\WorkerManagementTest::test_admin_can_update_worker";"✅ Przechodzi";PHPUnit
"API Core";WorkerManagementTest;"Dodatkowe testy zarządzania pracownikami";admin_can_delete_worker;"Administrator może usunąć worker";"Tests\Feature\Api\WorkerManagementTest::test_admin_can_delete_worker";"✅ Przechodzi";PHPUnit
"Autentykacja Web";AuthenticationTest;"Autentykacja użytkowników API";login_screen_can_be_rendered;"Logowanie Ekran Może be rendered";"P\Tests\Feature\Auth\AuthenticationTest::__pest_evaluable_login_screen_can_be_rendered";"✅ Przechodzi";Pest
"Autentykacja Web";AuthenticationTest;"Autentykacja użytkowników API";users_can_authenticate_using_the_login_screen;"Użytkownicy Może Uwierzytelnienie using the Logowanie screen";"P\Tests\Feature\Auth\AuthenticationTest::__pest_evaluable_users_can_authenticate_using_the_login_screen";"✅ Przechodzi";Pest
"Autentykacja Web";AuthenticationTest;"Autentykacja użytkowników API";users_can_not_authenticate_with_invalid_password;"Użytkownicy Może not Uwierzytelnienie Z Nieprawidłowy password";"P\Tests\Feature\Auth\AuthenticationTest::__pest_evaluable_users_can_not_authenticate_with_invalid_password";"✅ Przechodzi";Pest
"Autentykacja Web";AuthenticationTest;"Autentykacja użytkowników API";users_can_logout;"Użytkownicy Może logout";"P\Tests\Feature\Auth\AuthenticationTest::__pest_evaluable_users_can_logout";"✅ Przechodzi";Pest
"Autentykacja Web";AuthenticationTest;"Autentykacja użytkowników API";users_are_rate_limited;"Użytkownicy Są Ograniczony czasowo";"P\Tests\Feature\Auth\AuthenticationTest::__pest_evaluable_users_are_rate_limited";"✅ Przechodzi";Pest
"Autentykacja Web";EmailVerificationTest;"Opis niedostępny";email_verification_screen_can_be_rendered;"Email verification Ekran Może be rendered";"P\Tests\Feature\Auth\EmailVerificationTest::__pest_evaluable_email_verification_screen_can_be_rendered";"✅ Przechodzi";Pest
"Autentykacja Web";EmailVerificationTest;"Opis niedostępny";email_can_be_verified;"Email Może be verified";"P\Tests\Feature\Auth\EmailVerificationTest::__pest_evaluable_email_can_be_verified";"✅ Przechodzi";Pest
"Autentykacja Web";EmailVerificationTest;"Opis niedostępny";email_is_not_verified_with_invalid_hash;"Email Jest not Zweryfikowany Z Nieprawidłowy hash";"P\Tests\Feature\Auth\EmailVerificationTest::__pest_evaluable_email_is_not_verified_with_invalid_hash";"✅ Przechodzi";Pest
"Autentykacja Web";EmailVerificationTest;"Opis niedostępny";email_is_not_verified_with_invalid_user_id;"Email Jest not Zweryfikowany Z Nieprawidłowy Użytkownik id";"P\Tests\Feature\Auth\EmailVerificationTest::__pest_evaluable_email_is_not_verified_with_invalid_user_id";"✅ Przechodzi";Pest
"Autentykacja Web";EmailVerificationTest;"Opis niedostępny";verified_user_is_redirected_to_dashboard_from_verification_prompt;"Zweryfikowany Użytkownik Jest Przekierowany Do dashboard Z verification prompt";"P\Tests\Feature\Auth\EmailVerificationTest::__pest_evaluable_verified_user_is_redirected_to_dashboard_from_verification_prompt";"✅ Przechodzi";Pest
"Autentykacja Web";EmailVerificationTest;"Opis niedostępny";already_verified_user_visiting_verification_link_is_redirected_without_firing_event_again;"Already Zweryfikowany Użytkownik visiting verification Link Jest Przekierowany Bez firing event again";"P\Tests\Feature\Auth\EmailVerificationTest::__pest_evaluable_already_verified_user_visiting_verification_link_is_redirected_without_firing_event_again";"✅ Przechodzi";Pest
"Autentykacja Web";PasswordConfirmationTest;"Opis niedostępny";confirm_password_screen_can_be_rendered;"Confirm Hasło Ekran Może be rendered";"P\Tests\Feature\Auth\PasswordConfirmationTest::__pest_evaluable_confirm_password_screen_can_be_rendered";"✅ Przechodzi";Pest
"Autentykacja Web";PasswordConfirmationTest;"Opis niedostępny";password_can_be_confirmed;"Hasło Może be confirmed";"P\Tests\Feature\Auth\PasswordConfirmationTest::__pest_evaluable_password_can_be_confirmed";"✅ Przechodzi";Pest
"Autentykacja Web";PasswordConfirmationTest;"Opis niedostępny";password_is_not_confirmed_with_invalid_password;"Hasło Jest not Potwierdzony Z Nieprawidłowy password";"P\Tests\Feature\Auth\PasswordConfirmationTest::__pest_evaluable_password_is_not_confirmed_with_invalid_password";"✅ Przechodzi";Pest
"Autentykacja Web";PasswordResetTest;"Opis niedostępny";reset_password_link_screen_can_be_rendered;"Reset Hasło Link Ekran Może be rendered";"P\Tests\Feature\Auth\PasswordResetTest::__pest_evaluable_reset_password_link_screen_can_be_rendered";"✅ Przechodzi";Pest
"Autentykacja Web";PasswordResetTest;"Opis niedostępny";reset_password_link_can_be_requested;"Reset Hasło Link Może be requested";"P\Tests\Feature\Auth\PasswordResetTest::__pest_evaluable_reset_password_link_can_be_requested";"✅ Przechodzi";Pest
"Autentykacja Web";PasswordResetTest;"Opis niedostępny";reset_password_screen_can_be_rendered;"Reset Hasło Ekran Może be rendered";"P\Tests\Feature\Auth\PasswordResetTest::__pest_evaluable_reset_password_screen_can_be_rendered";"✅ Przechodzi";Pest
"Autentykacja Web";PasswordResetTest;"Opis niedostępny";password_can_be_reset_with_valid_token;"Hasło Może be reset Z Prawidłowy Token";"P\Tests\Feature\Auth\PasswordResetTest::__pest_evaluable_password_can_be_reset_with_valid_token";"✅ Przechodzi";Pest
"Autentykacja Web";PasswordResetTest;"Opis niedostępny";password_cannot_be_reset_with_invalid_token;"Hasło Nie może be reset Z Nieprawidłowy Token";"P\Tests\Feature\Auth\PasswordResetTest::__pest_evaluable_password_cannot_be_reset_with_invalid_token";"✅ Przechodzi";Pest
"Autentykacja Web";RegistrationTest;"Opis niedostępny";registration_screen_can_be_rendered;"Registration Ekran Może be rendered";"P\Tests\Feature\Auth\RegistrationTest::__pest_evaluable_registration_screen_can_be_rendered";"✅ Przechodzi";Pest
"Autentykacja Web";RegistrationTest;"Opis niedostępny";new_users_can_register;"New Użytkownicy Może register";"P\Tests\Feature\Auth\RegistrationTest::__pest_evaluable_new_users_can_register";"✅ Przechodzi";Pest
"Autentykacja Web";VerificationNotificationTest;"Opis niedostępny";sends_verification_notification;"Sends verification notification";"P\Tests\Feature\Auth\VerificationNotificationTest::__pest_evaluable_sends_verification_notification";"✅ Przechodzi";Pest
"Autentykacja Web";VerificationNotificationTest;"Opis niedostępny";does_not_send_verification_notification_if_email_is_verified;"Does not send verification Powiadomienie if Email Jest verified";"P\Tests\Feature\Auth\VerificationNotificationTest::__pest_evaluable_does_not_send_verification_notification_if_email_is_verified";"✅ Przechodzi";Pest
"Feature Web";DashboardTest;"Podstawowy test dashboardu web";guests_are_redirected_to_the_login_page;"Gośćs Są Przekierowany Do the Logowanie page";"P\Tests\Feature\DashboardTest::__pest_evaluable_guests_are_redirected_to_the_login_page";"✅ Przechodzi";Pest
"Feature Web";DashboardTest;"Podstawowy test dashboardu web";authenticated_users_can_visit_the_dashboard;"Authenticated Użytkownicy Może visit the dashboard";"P\Tests\Feature\DashboardTest::__pest_evaluable_authenticated_users_can_visit_the_dashboard";"✅ Przechodzi";Pest
"Feature Web";ExampleTest;"Przykładowy test podstawowy";it_returns_a_successful_response;"It Zwraca a Udany Odpowiedź";"P\Tests\Feature\ExampleTest::__pest_evaluable_it_returns_a_successful_response";"✅ Przechodzi";Pest
"Feature Web";FeatureControllerTest;"Zarządzanie funkcjami systemu";can_list_features;"Może Lista Funkcje";"Tests\Feature\FeatureControllerTest::test_can_list_features";"✅ Przechodzi";PHPUnit
"Feature Web";FeatureControllerTest;"Zarządzanie funkcjami systemu";can_filter_features_by_type;"Można filtrować features według typu";"Tests\Feature\FeatureControllerTest::test_can_filter_features_by_type";"✅ Przechodzi";PHPUnit
"Feature Web";FeatureControllerTest;"Zarządzanie funkcjami systemu";can_filter_features_by_active_status;"Można filtrować features według active_statusu";"Tests\Feature\FeatureControllerTest::test_can_filter_features_by_active_status";"✅ Przechodzi";PHPUnit
"Feature Web";FeatureControllerTest;"Zarządzanie funkcjami systemu";can_search_features;"Można wyszukiwać features";"Tests\Feature\FeatureControllerTest::test_can_search_features";"✅ Przechodzi";PHPUnit
"Feature Web";FeatureControllerTest;"Zarządzanie funkcjami systemu";can_sort_features;"Może Sortowanie Funkcje";"Tests\Feature\FeatureControllerTest::test_can_sort_features";"✅ Przechodzi";PHPUnit
"Feature Web";FeatureControllerTest;"Zarządzanie funkcjami systemu";pagination_works;"Pagination works";"Tests\Feature\FeatureControllerTest::test_pagination_works";"✅ Przechodzi";PHPUnit
"Feature Web";FeatureControllerTest;"Zarządzanie funkcjami systemu";feature_resource_includes_computed_fields;"Feature resource includes computed fields";"Tests\Feature\FeatureControllerTest::test_feature_resource_includes_computed_fields";"✅ Przechodzi";PHPUnit
"Feature Web";FeatureControllerTest;"Zarządzanie funkcjami systemu";unauthorized_user_cannot_access_features;"Nieautoryzowany użytkownik nie może uzyskać dostępu do features";"Tests\Feature\FeatureControllerTest::test_unauthorized_user_cannot_access_features";"✅ Przechodzi";PHPUnit
"Feature Web";FeatureControllerTest;"Zarządzanie funkcjami systemu";user_without_admin_role_cannot_access_features;"Użytkownik Bez Administrator Rola Nie może Dostęp do Funkcje";"Tests\Feature\FeatureControllerTest::test_user_without_admin_role_cannot_access_features";"✅ Przechodzi";PHPUnit
"Feature Web";FeatureControllerTest;"Zarządzanie funkcjami systemu";returns_empty_when_no_features_exist;"Zwraca Pusty when no Funkcje exist";"Tests\Feature\FeatureControllerTest::test_returns_empty_when_no_features_exist";"✅ Przechodzi";PHPUnit
"Feature Web";FeatureControllerTest;"Zarządzanie funkcjami systemu";invalid_sort_field_uses_default;"Nieprawidłowy Sortowanie field uses default";"Tests\Feature\FeatureControllerTest::test_invalid_sort_field_uses_default";"✅ Przechodzi";PHPUnit
"Feature Web";FeatureControllerTest;"Zarządzanie funkcjami systemu";can_filter_by_multiple_criteria;"Może Filtrowanie Przez Wielokrotny criteria";"Tests\Feature\FeatureControllerTest::test_can_filter_by_multiple_criteria";"✅ Przechodzi";PHPUnit
Ustawienia;PasswordUpdateTest;"Opis niedostępny";password_update_page_is_displayed;"Hasło Aktualizacja Strona Jest displayed";"P\Tests\Feature\Settings\PasswordUpdateTest::__pest_evaluable_password_update_page_is_displayed";"✅ Przechodzi";Pest
Ustawienia;PasswordUpdateTest;"Opis niedostępny";password_can_be_updated;"Hasło Może be updated";"P\Tests\Feature\Settings\PasswordUpdateTest::__pest_evaluable_password_can_be_updated";"✅ Przechodzi";Pest
Ustawienia;PasswordUpdateTest;"Opis niedostępny";correct_password_must_be_provided_to_update_password;"Poprawny Hasło must be provided Do Aktualizacja password";"P\Tests\Feature\Settings\PasswordUpdateTest::__pest_evaluable_correct_password_must_be_provided_to_update_password";"✅ Przechodzi";Pest
Ustawienia;ProfileUpdateTest;"Opis niedostępny";profile_page_is_displayed;"Profil Strona Jest displayed";"P\Tests\Feature\Settings\ProfileUpdateTest::__pest_evaluable_profile_page_is_displayed";"✅ Przechodzi";Pest
Ustawienia;ProfileUpdateTest;"Opis niedostępny";profile_information_can_be_updated;"Profil information Może be updated";"P\Tests\Feature\Settings\ProfileUpdateTest::__pest_evaluable_profile_information_can_be_updated";"✅ Przechodzi";Pest
Ustawienia;ProfileUpdateTest;"Opis niedostępny";email_verification_status_is_unchanged_when_the_email_address_is_unchanged;"Email verification Status Jest unchanged when the Email address Jest unchanged";"P\Tests\Feature\Settings\ProfileUpdateTest::__pest_evaluable_email_verification_status_is_unchanged_when_the_email_address_is_unchanged";"✅ Przechodzi";Pest
Ustawienia;ProfileUpdateTest;"Opis niedostępny";user_can_delete_their_account;"Użytkownik Może Usunięcie Ich account";"P\Tests\Feature\Settings\ProfileUpdateTest::__pest_evaluable_user_can_delete_their_account";"✅ Przechodzi";Pest
Ustawienia;ProfileUpdateTest;"Opis niedostępny";correct_password_must_be_provided_to_delete_account.;"Poprawny Hasło must be provided Do Usunięcie account.";"P\Tests\Feature\Settings\ProfileUpdateTest::__pest_evaluable_correct_password_must_be_provided_to_delete_account.";"✅ Przechodzi";Pest
